window_start_utc,window_end_utc,open_price_usd,close_price_usd,pct_change,outcome,rounds_used
2026-05-26T12:45:00+00:00,2026-05-26T12:49:59.999000+00:00,77098.60,77104.00,+0.0070,UP,1
2026-05-26T12:50:00+00:00,2026-05-26T12:54:59.999000+00:00,77104.00,77111.00,+0.0091,UP,1
2026-05-26T12:55:00+00:00,2026-05-26T12:59:59.999000+00:00,77111.00,77132.50,+0.0279,UP,1
2026-05-26T13:00:00+00:00,2026-05-26T13:04:59.999000+00:00,77132.51,77099.92,-0.0423,DOWN,1
2026-05-26T13:05:00+00:00,2026-05-26T13:09:59.999000+00:00,77099.93,77067.27,-0.0424,DOWN,1
2026-05-26T13:10:00+00:00,2026-05-26T13:14:59.999000+00:00,77067.27,77086.73,+0.0253,UP,1
2026-05-26T13:15:00+00:00,2026-05-26T13:19:59.999000+00:00,77086.74,76954.23,-0.1719,DOWN,1
2026-05-26T13:20:00+00:00,2026-05-26T13:24:59.999000+00:00,76954.23,76879.32,-0.0973,DOWN,1
2026-05-26T13:25:00+00:00,2026-05-26T13:29:59.999000+00:00,76879.31,76798.04,-0.1057,DOWN,1
2026-05-26T13:30:00+00:00,2026-05-26T13:34:59.999000+00:00,76798.05,76799.61,+0.0020,UP,1
2026-05-26T13:35:00+00:00,2026-05-26T13:39:59.999000+00:00,76799.61,76856.75,+0.0744,UP,1
2026-05-26T13:40:00+00:00,2026-05-26T13:44:59.999000+00:00,76856.75,76906.01,+0.0641,UP,1
2026-05-26T13:45:00+00:00,2026-05-26T13:49:59.999000+00:00,76906.01,77364.09,+0.5956,UP,1
2026-05-26T13:50:00+00:00,2026-05-26T13:54:59.999000+00:00,77364.10,77177.49,-0.2412,DOWN,1
2026-05-26T13:55:00+00:00,2026-05-26T13:59:59.999000+00:00,77177.50,77231.56,+0.0700,UP,1
2026-05-26T14:00:00+00:00,2026-05-26T14:04:59.999000+00:00,77231.56,77188.00,-0.0564,DOWN,1
2026-05-26T14:05:00+00:00,2026-05-26T14:09:59.999000+00:00,77188.01,77245.67,+0.0747,UP,1
2026-05-26T14:10:00+00:00,2026-05-26T14:14:59.999000+00:00,77245.67,77411.67,+0.2149,UP,1
2026-05-26T14:15:00+00:00,2026-05-26T14:19:59.999000+00:00,77411.67,77526.33,+0.1481,UP,1
2026-05-26T14:20:00+00:00,2026-05-26T14:24:59.999000+00:00,77526.33,77788.36,+0.3380,UP,1
2026-05-26T14:25:00+00:00,2026-05-26T14:29:59.999000+00:00,77788.36,77958.40,+0.2186,UP,1
2026-05-26T14:30:00+00:00,2026-05-26T14:34:59.999000+00:00,77958.40,77562.25,-0.5082,DOWN,1
2026-05-26T14:35:00+00:00,2026-05-26T14:39:59.999000+00:00,77562.25,76933.40,-0.8108,DOWN,1
2026-05-26T14:40:00+00:00,2026-05-26T14:44:59.999000+00:00,76933.39,76820.00,-0.1474,DOWN,1
2026-05-26T14:45:00+00:00,2026-05-26T14:49:59.999000+00:00,76820.01,76978.01,+0.2057,UP,1
2026-05-26T14:50:00+00:00,2026-05-26T14:54:59.999000+00:00,76978.00,77092.11,+0.1482,UP,1
2026-05-26T14:55:00+00:00,2026-05-26T14:59:59.999000+00:00,77092.12,76908.01,-0.2388,DOWN,1
2026-05-26T15:00:00+00:00,2026-05-26T15:04:59.999000+00:00,76908.01,76844.02,-0.0832,DOWN,1
2026-05-26T15:05:00+00:00,2026-05-26T15:09:59.999000+00:00,76844.02,76877.03,+0.0430,UP,1
2026-05-26T15:10:00+00:00,2026-05-26T15:14:59.999000+00:00,76877.02,76969.64,+0.1205,UP,1
2026-05-26T15:15:00+00:00,2026-05-26T15:19:59.999000+00:00,76969.64,76857.96,-0.1451,DOWN,1
2026-05-26T15:20:00+00:00,2026-05-26T15:24:59.999000+00:00,76857.96,76706.42,-0.1972,DOWN,1
2026-05-26T15:25:00+00:00,2026-05-26T15:29:59.999000+00:00,76706.42,76644.00,-0.0814,DOWN,1
2026-05-26T15:30:00+00:00,2026-05-26T15:34:59.999000+00:00,76644.01,76435.21,-0.2724,DOWN,1
2026-05-26T15:35:00+00:00,2026-05-26T15:39:59.999000+00:00,76435.21,76450.00,+0.0193,UP,1
2026-05-26T15:40:00+00:00,2026-05-26T15:44:59.999000+00:00,76450.00,76527.00,+0.1007,UP,1
2026-05-26T15:45:00+00:00,2026-05-26T15:49:59.999000+00:00,76527.00,76441.99,-0.1111,DOWN,1
2026-05-26T15:50:00+00:00,2026-05-26T15:54:59.999000+00:00,76441.99,76292.79,-0.1952,DOWN,1
2026-05-26T15:55:00+00:00,2026-05-26T15:59:59.999000+00:00,76292.78,76518.10,+0.2953,UP,1
2026-05-26T16:00:00+00:00,2026-05-26T16:04:59.999000+00:00,76518.10,76479.46,-0.0505,DOWN,1
2026-05-26T16:05:00+00:00,2026-05-26T16:09:59.999000+00:00,76479.46,76452.01,-0.0359,DOWN,1
2026-05-26T16:10:00+00:00,2026-05-26T16:14:59.999000+00:00,76452.00,76350.00,-0.1334,DOWN,1
2026-05-26T16:15:00+00:00,2026-05-26T16:19:59.999000+00:00,76350.00,76472.25,+0.1601,UP,1
2026-05-26T16:20:00+00:00,2026-05-26T16:24:59.999000+00:00,76472.24,76523.49,+0.0670,UP,1
2026-05-26T16:25:00+00:00,2026-05-26T16:29:59.999000+00:00,76523.48,76545.63,+0.0289,UP,1
2026-05-26T16:30:00+00:00,2026-05-26T16:34:59.999000+00:00,76545.63,76605.04,+0.0776,UP,1
2026-05-26T16:35:00+00:00,2026-05-26T16:39:59.999000+00:00,76605.03,76641.49,+0.0476,UP,1
2026-05-26T16:40:00+00:00,2026-05-26T16:44:59.999000+00:00,76641.49,76551.47,-0.1175,DOWN,1
2026-05-26T16:45:00+00:00,2026-05-26T16:49:59.999000+00:00,76551.46,76471.00,-0.1051,DOWN,1
2026-05-26T16:50:00+00:00,2026-05-26T16:54:59.999000+00:00,76471.00,76517.33,+0.0606,UP,1
2026-05-26T16:55:00+00:00,2026-05-26T16:59:59.999000+00:00,76517.33,76558.00,+0.0532,UP,1
2026-05-26T17:00:00+00:00,2026-05-26T17:04:59.999000+00:00,76558.00,76600.00,+0.0549,UP,1
2026-05-26T17:05:00+00:00,2026-05-26T17:09:59.999000+00:00,76600.01,76556.63,-0.0566,DOWN,1
2026-05-26T17:10:00+00:00,2026-05-26T17:14:59.999000+00:00,76556.63,76481.18,-0.0986,DOWN,1
2026-05-26T17:15:00+00:00,2026-05-26T17:19:59.999000+00:00,76481.18,76322.00,-0.2081,DOWN,1
2026-05-26T17:20:00+00:00,2026-05-26T17:24:59.999000+00:00,76321.99,76185.72,-0.1785,DOWN,1
2026-05-26T17:25:00+00:00,2026-05-26T17:29:59.999000+00:00,76185.72,76069.82,-0.1521,DOWN,1
2026-05-26T17:30:00+00:00,2026-05-26T17:34:59.999000+00:00,76069.83,75894.01,-0.2311,DOWN,1
2026-05-26T17:35:00+00:00,2026-05-26T17:39:59.999000+00:00,75894.01,75964.58,+0.0930,UP,1
2026-05-26T17:40:00+00:00,2026-05-26T17:44:59.999000+00:00,75964.57,76029.77,+0.0858,UP,1
2026-05-26T17:45:00+00:00,2026-05-26T17:49:59.999000+00:00,76029.78,76126.01,+0.1266,UP,1
2026-05-26T17:50:00+00:00,2026-05-26T17:54:59.999000+00:00,76126.00,76030.21,-0.1258,DOWN,1
2026-05-26T17:55:00+00:00,2026-05-26T17:59:59.999000+00:00,76030.22,75935.08,-0.1251,DOWN,1
2026-05-26T18:00:00+00:00,2026-05-26T18:04:59.999000+00:00,75935.09,75994.01,+0.0776,UP,1
2026-05-26T18:05:00+00:00,2026-05-26T18:09:59.999000+00:00,75994.01,76002.01,+0.0105,UP,1
2026-05-26T18:10:00+00:00,2026-05-26T18:14:59.999000+00:00,76002.01,76018.00,+0.0210,UP,1
2026-05-26T18:15:00+00:00,2026-05-26T18:19:59.999000+00:00,76018.01,76119.41,+0.1334,UP,1
2026-05-26T18:20:00+00:00,2026-05-26T18:24:59.999000+00:00,76119.42,76242.13,+0.1612,UP,1
2026-05-26T18:25:00+00:00,2026-05-26T18:29:59.999000+00:00,76242.13,76100.75,-0.1854,DOWN,1
2026-05-26T18:30:00+00:00,2026-05-26T18:34:59.999000+00:00,76100.75,76132.00,+0.0411,UP,1
2026-05-26T18:35:00+00:00,2026-05-26T18:39:59.999000+00:00,76132.00,76089.13,-0.0563,DOWN,1
2026-05-26T18:40:00+00:00,2026-05-26T18:44:59.999000+00:00,76089.12,75918.62,-0.2241,DOWN,1
2026-05-26T18:45:00+00:00,2026-05-26T18:49:59.999000+00:00,75918.63,75960.71,+0.0554,UP,1
2026-05-26T18:50:00+00:00,2026-05-26T18:54:59.999000+00:00,75960.70,75948.00,-0.0167,DOWN,1
2026-05-26T18:55:00+00:00,2026-05-26T18:59:59.999000+00:00,75948.00,75840.55,-0.1415,DOWN,1
2026-05-26T19:00:00+00:00,2026-05-26T19:04:59.999000+00:00,75840.55,75863.51,+0.0303,UP,1
2026-05-26T19:05:00+00:00,2026-05-26T19:09:59.999000+00:00,75863.50,75897.53,+0.0449,UP,1
2026-05-26T19:10:00+00:00,2026-05-26T19:14:59.999000+00:00,75897.54,75860.57,-0.0487,DOWN,1
2026-05-26T19:15:00+00:00,2026-05-26T19:19:59.999000+00:00,75860.56,75884.40,+0.0314,UP,1
2026-05-26T19:20:00+00:00,2026-05-26T19:24:59.999000+00:00,75884.40,75882.73,-0.0022,DOWN,1
2026-05-26T19:25:00+00:00,2026-05-26T19:29:59.999000+00:00,75882.72,75916.68,+0.0448,UP,1
2026-05-26T19:30:00+00:00,2026-05-26T19:34:59.999000+00:00,75916.68,75932.23,+0.0205,UP,1
2026-05-26T19:35:00+00:00,2026-05-26T19:39:59.999000+00:00,75932.24,75964.13,+0.0420,UP,1
2026-05-26T19:40:00+00:00,2026-05-26T19:44:59.999000+00:00,75964.13,76027.01,+0.0828,UP,1
2026-05-26T19:45:00+00:00,2026-05-26T19:49:59.999000+00:00,76027.00,76014.00,-0.0171,DOWN,1
2026-05-26T19:50:00+00:00,2026-05-26T19:54:59.999000+00:00,76014.01,76075.96,+0.0815,UP,1
2026-05-26T19:55:00+00:00,2026-05-26T19:59:59.999000+00:00,76075.95,76052.00,-0.0315,DOWN,1
2026-05-26T20:00:00+00:00,2026-05-26T20:04:59.999000+00:00,76052.00,76095.47,+0.0572,UP,1
2026-05-26T20:05:00+00:00,2026-05-26T20:09:59.999000+00:00,76095.47,76089.71,-0.0076,DOWN,1
2026-05-26T20:10:00+00:00,2026-05-26T20:14:59.999000+00:00,76089.70,76115.49,+0.0339,UP,1
2026-05-26T20:15:00+00:00,2026-05-26T20:19:59.999000+00:00,76115.49,76049.82,-0.0863,DOWN,1
2026-05-26T20:20:00+00:00,2026-05-26T20:24:59.999000+00:00,76049.83,76045.95,-0.0051,DOWN,1
2026-05-26T20:25:00+00:00,2026-05-26T20:29:59.999000+00:00,76045.95,76161.50,+0.1519,UP,1
2026-05-26T20:30:00+00:00,2026-05-26T20:34:59.999000+00:00,76161.49,76036.01,-0.1648,DOWN,1
2026-05-26T20:35:00+00:00,2026-05-26T20:39:59.999000+00:00,76036.01,76050.29,+0.0188,UP,1
2026-05-26T20:40:00+00:00,2026-05-26T20:44:59.999000+00:00,76050.28,76075.66,+0.0334,UP,1
2026-05-26T20:45:00+00:00,2026-05-26T20:49:59.999000+00:00,76075.67,76100.01,+0.0320,UP,1
2026-05-26T20:50:00+00:00,2026-05-26T20:54:59.999000+00:00,76100.01,76084.86,-0.0199,DOWN,1
2026-05-26T20:55:00+00:00,2026-05-26T20:59:59.999000+00:00,76084.85,76106.86,+0.0289,UP,1
2026-05-26T21:00:00+00:00,2026-05-26T21:04:59.999000+00:00,76106.86,76018.02,-0.1167,DOWN,1
2026-05-26T21:05:00+00:00,2026-05-26T21:09:59.999000+00:00,76018.02,76018.01,-0.0000,DOWN,1
2026-05-26T21:10:00+00:00,2026-05-26T21:14:59.999000+00:00,76018.01,75896.01,-0.1605,DOWN,1
2026-05-26T21:15:00+00:00,2026-05-26T21:19:59.999000+00:00,75896.01,75977.89,+0.1079,UP,1
2026-05-26T21:20:00+00:00,2026-05-26T21:24:59.999000+00:00,75977.89,76022.17,+0.0583,UP,1
2026-05-26T21:25:00+00:00,2026-05-26T21:29:59.999000+00:00,76022.16,76048.64,+0.0348,UP,1
2026-05-26T21:30:00+00:00,2026-05-26T21:34:59.999000+00:00,76048.64,76002.01,-0.0613,DOWN,1
2026-05-26T21:35:00+00:00,2026-05-26T21:39:59.999000+00:00,76002.01,76024.01,+0.0289,UP,1
2026-05-26T21:40:00+00:00,2026-05-26T21:44:59.999000+00:00,76024.01,76001.96,-0.0290,DOWN,1
2026-05-26T21:45:00+00:00,2026-05-26T21:49:59.999000+00:00,76001.97,76008.54,+0.0086,UP,1
2026-05-26T21:50:00+00:00,2026-05-26T21:54:59.999000+00:00,76008.54,75937.33,-0.0937,DOWN,1
2026-05-26T21:55:00+00:00,2026-05-26T21:59:59.999000+00:00,75937.33,75890.00,-0.0623,DOWN,1
2026-05-26T22:00:00+00:00,2026-05-26T22:04:59.999000+00:00,75890.00,75921.90,+0.0420,UP,1
2026-05-26T22:05:00+00:00,2026-05-26T22:09:59.999000+00:00,75921.89,75853.34,-0.0903,DOWN,1
2026-05-26T22:10:00+00:00,2026-05-26T22:14:59.999000+00:00,75853.34,75792.05,-0.0808,DOWN,1
2026-05-26T22:15:00+00:00,2026-05-26T22:19:59.999000+00:00,75792.06,75788.00,-0.0054,DOWN,1
2026-05-26T22:20:00+00:00,2026-05-26T22:24:59.999000+00:00,75788.00,75793.66,+0.0075,UP,1
2026-05-26T22:25:00+00:00,2026-05-26T22:29:59.999000+00:00,75793.66,75799.96,+0.0083,UP,1
2026-05-26T22:30:00+00:00,2026-05-26T22:34:59.999000+00:00,75799.96,75861.25,+0.0809,UP,1
2026-05-26T22:35:00+00:00,2026-05-26T22:39:59.999000+00:00,75861.24,75806.58,-0.0721,DOWN,1
2026-05-26T22:40:00+00:00,2026-05-26T22:44:59.999000+00:00,75806.58,75804.22,-0.0031,DOWN,1
2026-05-26T22:45:00+00:00,2026-05-26T22:49:59.999000+00:00,75804.21,75697.81,-0.1404,DOWN,1
2026-05-26T22:50:00+00:00,2026-05-26T22:54:59.999000+00:00,75697.81,75751.61,+0.0711,UP,1
2026-05-26T22:55:00+00:00,2026-05-26T22:59:59.999000+00:00,75751.61,75749.02,-0.0034,DOWN,1
2026-05-26T23:00:00+00:00,2026-05-26T23:04:59.999000+00:00,75749.02,75880.50,+0.1736,UP,1
2026-05-26T23:05:00+00:00,2026-05-26T23:09:59.999000+00:00,75880.51,75886.33,+0.0077,UP,1
2026-05-26T23:10:00+00:00,2026-05-26T23:14:59.999000+00:00,75886.33,75891.96,+0.0074,UP,1
2026-05-26T23:15:00+00:00,2026-05-26T23:19:59.999000+00:00,75891.96,75933.00,+0.0541,UP,1
2026-05-26T23:20:00+00:00,2026-05-26T23:24:59.999000+00:00,75933.01,75896.00,-0.0487,DOWN,1
2026-05-26T23:25:00+00:00,2026-05-26T23:29:59.999000+00:00,75896.00,75905.99,+0.0132,UP,1
2026-05-26T23:30:00+00:00,2026-05-26T23:34:59.999000+00:00,75906.00,75909.11,+0.0041,UP,1
2026-05-26T23:35:00+00:00,2026-05-26T23:39:59.999000+00:00,75909.11,75952.90,+0.0577,UP,1
2026-05-26T23:40:00+00:00,2026-05-26T23:44:59.999000+00:00,75952.90,75952.01,-0.0012,DOWN,1
2026-05-26T23:45:00+00:00,2026-05-26T23:49:59.999000+00:00,75952.01,75934.01,-0.0237,DOWN,1
2026-05-26T23:50:00+00:00,2026-05-26T23:54:59.999000+00:00,75934.01,75932.98,-0.0014,DOWN,1
2026-05-26T23:55:00+00:00,2026-05-26T23:59:59.999000+00:00,75932.98,75930.01,-0.0039,DOWN,1
2026-05-27T00:00:00+00:00,2026-05-27T00:04:59.999000+00:00,75930.01,75919.99,-0.0132,DOWN,1
2026-05-27T00:05:00+00:00,2026-05-27T00:09:59.999000+00:00,75920.00,75985.99,+0.0869,UP,1
2026-05-27T00:10:00+00:00,2026-05-27T00:14:59.999000+00:00,75985.99,75981.36,-0.0061,DOWN,1
2026-05-27T00:15:00+00:00,2026-05-27T00:19:59.999000+00:00,75981.35,75897.62,-0.1102,DOWN,1
2026-05-27T00:20:00+00:00,2026-05-27T00:24:59.999000+00:00,75897.62,75888.49,-0.0120,DOWN,1
2026-05-27T00:25:00+00:00,2026-05-27T00:29:59.999000+00:00,75888.48,75935.26,+0.0616,UP,1
2026-05-27T00:30:00+00:00,2026-05-27T00:34:59.999000+00:00,75935.27,76008.01,+0.0958,UP,1
2026-05-27T00:35:00+00:00,2026-05-27T00:39:59.999000+00:00,76008.00,75909.63,-0.1294,DOWN,1
2026-05-27T00:40:00+00:00,2026-05-27T00:44:59.999000+00:00,75909.63,75970.75,+0.0805,UP,1
2026-05-27T00:45:00+00:00,2026-05-27T00:49:59.999000+00:00,75970.75,75949.92,-0.0274,DOWN,1
2026-05-27T00:50:00+00:00,2026-05-27T00:54:59.999000+00:00,75949.93,76042.38,+0.1217,UP,1
2026-05-27T00:55:00+00:00,2026-05-27T00:59:59.999000+00:00,76042.00,76085.01,+0.0566,UP,1
2026-05-27T01:00:00+00:00,2026-05-27T01:04:59.999000+00:00,76085.00,76051.93,-0.0435,DOWN,1
2026-05-27T01:05:00+00:00,2026-05-27T01:09:59.999000+00:00,76051.93,76066.01,+0.0185,UP,1
2026-05-27T01:10:00+00:00,2026-05-27T01:14:59.999000+00:00,76066.01,76076.82,+0.0142,UP,1
2026-05-27T01:15:00+00:00,2026-05-27T01:19:59.999000+00:00,76076.82,75890.87,-0.2444,DOWN,1
2026-05-27T01:20:00+00:00,2026-05-27T01:24:59.999000+00:00,75890.87,75864.00,-0.0354,DOWN,1
2026-05-27T01:25:00+00:00,2026-05-27T01:29:59.999000+00:00,75864.00,75880.49,+0.0217,UP,1
2026-05-27T01:30:00+00:00,2026-05-27T01:34:59.999000+00:00,75880.50,75863.99,-0.0218,DOWN,1
2026-05-27T01:35:00+00:00,2026-05-27T01:39:59.999000+00:00,75863.99,75870.59,+0.0087,UP,1
2026-05-27T01:40:00+00:00,2026-05-27T01:44:59.999000+00:00,75870.59,75863.00,-0.0100,DOWN,1
2026-05-27T01:45:00+00:00,2026-05-27T01:49:59.999000+00:00,75863.00,75970.08,+0.1411,UP,1
2026-05-27T01:50:00+00:00,2026-05-27T01:54:59.999000+00:00,75970.08,75954.01,-0.0212,DOWN,1
2026-05-27T01:55:00+00:00,2026-05-27T01:59:59.999000+00:00,75954.01,75877.44,-0.1008,DOWN,1
2026-05-27T02:00:00+00:00,2026-05-27T02:04:59.999000+00:00,75877.44,75865.82,-0.0153,DOWN,1
2026-05-27T02:05:00+00:00,2026-05-27T02:09:59.999000+00:00,75865.83,75788.15,-0.1024,DOWN,1
2026-05-27T02:10:00+00:00,2026-05-27T02:14:59.999000+00:00,75788.15,75811.94,+0.0314,UP,1
2026-05-27T02:15:00+00:00,2026-05-27T02:19:59.999000+00:00,75811.94,75711.61,-0.1323,DOWN,1
2026-05-27T02:20:00+00:00,2026-05-27T02:24:59.999000+00:00,75711.61,75756.58,+0.0594,UP,1
2026-05-27T02:25:00+00:00,2026-05-27T02:29:59.999000+00:00,75756.59,75769.82,+0.0175,UP,1
2026-05-27T02:30:00+00:00,2026-05-27T02:34:59.999000+00:00,75769.82,75800.74,+0.0408,UP,1
2026-05-27T02:35:00+00:00,2026-05-27T02:39:59.999000+00:00,75800.74,75705.15,-0.1261,DOWN,1
2026-05-27T02:40:00+00:00,2026-05-27T02:44:59.999000+00:00,75705.14,75744.90,+0.0525,UP,1
2026-05-27T02:45:00+00:00,2026-05-27T02:49:59.999000+00:00,75744.90,75744.77,-0.0002,DOWN,1
2026-05-27T02:50:00+00:00,2026-05-27T02:54:59.999000+00:00,75744.78,75804.50,+0.0788,UP,1
2026-05-27T02:55:00+00:00,2026-05-27T02:59:59.999000+00:00,75804.50,75879.00,+0.0983,UP,1
2026-05-27T03:00:00+00:00,2026-05-27T03:04:59.999000+00:00,75879.01,75924.39,+0.0598,UP,1
2026-05-27T03:05:00+00:00,2026-05-27T03:09:59.999000+00:00,75924.39,75923.44,-0.0013,DOWN,1
2026-05-27T03:10:00+00:00,2026-05-27T03:14:59.999000+00:00,75923.43,75890.27,-0.0437,DOWN,1
2026-05-27T03:15:00+00:00,2026-05-27T03:19:59.999000+00:00,75890.27,75867.99,-0.0294,DOWN,1
2026-05-27T03:20:00+00:00,2026-05-27T03:24:59.999000+00:00,75867.99,75830.00,-0.0501,DOWN,1
2026-05-27T03:25:00+00:00,2026-05-27T03:29:59.999000+00:00,75830.00,75844.88,+0.0196,UP,1
2026-05-27T03:30:00+00:00,2026-05-27T03:34:59.999000+00:00,75844.89,75809.89,-0.0461,DOWN,1
2026-05-27T03:35:00+00:00,2026-05-27T03:39:59.999000+00:00,75809.89,75752.44,-0.0758,DOWN,1
2026-05-27T03:40:00+00:00,2026-05-27T03:44:59.999000+00:00,75752.45,75764.00,+0.0152,UP,1
2026-05-27T03:45:00+00:00,2026-05-27T03:49:59.999000+00:00,75764.00,75664.31,-0.1316,DOWN,1
2026-05-27T03:50:00+00:00,2026-05-27T03:54:59.999000+00:00,75664.31,75673.28,+0.0119,UP,1
2026-05-27T03:55:00+00:00,2026-05-27T03:59:59.999000+00:00,75673.28,75683.00,+0.0128,UP,1
2026-05-27T04:00:00+00:00,2026-05-27T04:04:59.999000+00:00,75683.00,75658.82,-0.0319,DOWN,1
2026-05-27T04:05:00+00:00,2026-05-27T04:09:59.999000+00:00,75658.83,75699.97,+0.0544,UP,1
2026-05-27T04:10:00+00:00,2026-05-27T04:14:59.999000+00:00,75699.96,75630.01,-0.0924,DOWN,1
2026-05-27T04:15:00+00:00,2026-05-27T04:19:59.999000+00:00,75630.01,75539.64,-0.1195,DOWN,1
2026-05-27T04:20:00+00:00,2026-05-27T04:24:59.999000+00:00,75539.64,75527.81,-0.0157,DOWN,1
2026-05-27T04:25:00+00:00,2026-05-27T04:29:59.999000+00:00,75527.81,75509.15,-0.0247,DOWN,1
2026-05-27T04:30:00+00:00,2026-05-27T04:34:59.999000+00:00,75509.15,75351.18,-0.2092,DOWN,1
2026-05-27T04:35:00+00:00,2026-05-27T04:39:59.999000+00:00,75351.18,75369.99,+0.0250,UP,1
2026-05-27T04:40:00+00:00,2026-05-27T04:44:59.999000+00:00,75369.99,75351.96,-0.0239,DOWN,1
2026-05-27T04:45:00+00:00,2026-05-27T04:49:59.999000+00:00,75351.96,75509.73,+0.2094,UP,1
2026-05-27T04:50:00+00:00,2026-05-27T04:54:59.999000+00:00,75509.73,75599.13,+0.1184,UP,1
2026-05-27T04:55:00+00:00,2026-05-27T04:59:59.999000+00:00,75599.13,75579.01,-0.0266,DOWN,1
2026-05-27T05:00:00+00:00,2026-05-27T05:04:59.999000+00:00,75579.01,75632.55,+0.0708,UP,1
2026-05-27T05:05:00+00:00,2026-05-27T05:09:59.999000+00:00,75632.55,75640.00,+0.0099,UP,1
2026-05-27T05:10:00+00:00,2026-05-27T05:14:59.999000+00:00,75640.00,75630.00,-0.0132,DOWN,1
2026-05-27T05:15:00+00:00,2026-05-27T05:19:59.999000+00:00,75629.99,75617.99,-0.0159,DOWN,1
2026-05-27T05:20:00+00:00,2026-05-27T05:24:59.999000+00:00,75618.00,75670.97,+0.0700,UP,1
2026-05-27T05:25:00+00:00,2026-05-27T05:29:59.999000+00:00,75670.96,75655.00,-0.0211,DOWN,1
2026-05-27T05:30:00+00:00,2026-05-27T05:34:59.999000+00:00,75655.00,75629.96,-0.0331,DOWN,1
2026-05-27T05:35:00+00:00,2026-05-27T05:39:59.999000+00:00,75629.96,75682.53,+0.0695,UP,1
2026-05-27T05:40:00+00:00,2026-05-27T05:44:59.999000+00:00,75682.54,75635.49,-0.0622,DOWN,1
2026-05-27T05:45:00+00:00,2026-05-27T05:49:59.999000+00:00,75635.50,75642.00,+0.0086,UP,1
2026-05-27T05:50:00+00:00,2026-05-27T05:54:59.999000+00:00,75642.00,75705.68,+0.0842,UP,1
2026-05-27T05:55:00+00:00,2026-05-27T05:59:59.999000+00:00,75705.68,75697.99,-0.0102,DOWN,1
2026-05-27T06:00:00+00:00,2026-05-27T06:04:59.999000+00:00,75697.99,75737.55,+0.0523,UP,1
2026-05-27T06:05:00+00:00,2026-05-27T06:09:59.999000+00:00,75737.55,75800.01,+0.0825,UP,1
2026-05-27T06:10:00+00:00,2026-05-27T06:14:59.999000+00:00,75800.00,75751.28,-0.0643,DOWN,1
2026-05-27T06:15:00+00:00,2026-05-27T06:19:59.999000+00:00,75751.27,75729.99,-0.0281,DOWN,1
2026-05-27T06:20:00+00:00,2026-05-27T06:24:59.999000+00:00,75730.00,75727.57,-0.0032,DOWN,1
2026-05-27T06:25:00+00:00,2026-05-27T06:29:59.999000+00:00,75727.57,75744.56,+0.0224,UP,1
2026-05-27T06:30:00+00:00,2026-05-27T06:34:59.999000+00:00,75744.56,75743.04,-0.0020,DOWN,1
2026-05-27T06:35:00+00:00,2026-05-27T06:39:59.999000+00:00,75743.04,75772.05,+0.0383,UP,1
2026-05-27T06:40:00+00:00,2026-05-27T06:44:59.999000+00:00,75772.05,75826.66,+0.0721,UP,1
2026-05-27T06:45:00+00:00,2026-05-27T06:49:59.999000+00:00,75826.67,75856.64,+0.0395,UP,1
2026-05-27T06:50:00+00:00,2026-05-27T06:54:59.999000+00:00,75856.65,75856.00,-0.0009,DOWN,1
2026-05-27T06:55:00+00:00,2026-05-27T06:59:59.999000+00:00,75855.99,75838.65,-0.0229,DOWN,1
2026-05-27T07:00:00+00:00,2026-05-27T07:04:59.999000+00:00,75838.65,75860.01,+0.0282,UP,1
2026-05-27T07:05:00+00:00,2026-05-27T07:09:59.999000+00:00,75860.01,75818.41,-0.0548,DOWN,1
2026-05-27T07:10:00+00:00,2026-05-27T07:14:59.999000+00:00,75818.41,75795.44,-0.0303,DOWN,1
2026-05-27T07:15:00+00:00,2026-05-27T07:19:59.999000+00:00,75795.44,75822.74,+0.0360,UP,1
2026-05-27T07:20:00+00:00,2026-05-27T07:24:59.999000+00:00,75822.74,75867.45,+0.0590,UP,1
2026-05-27T07:25:00+00:00,2026-05-27T07:29:59.999000+00:00,75867.44,75863.83,-0.0048,DOWN,1
2026-05-27T07:30:00+00:00,2026-05-27T07:34:59.999000+00:00,75863.84,75938.36,+0.0982,UP,1
2026-05-27T07:35:00+00:00,2026-05-27T07:39:59.999000+00:00,75938.37,75902.00,-0.0479,DOWN,1
2026-05-27T07:40:00+00:00,2026-05-27T07:44:59.999000+00:00,75902.01,75886.01,-0.0211,DOWN,1
2026-05-27T07:45:00+00:00,2026-05-27T07:49:59.999000+00:00,75886.01,75910.00,+0.0316,UP,1
2026-05-27T07:50:00+00:00,2026-05-27T07:54:59.999000+00:00,75910.00,75956.36,+0.0611,UP,1
2026-05-27T07:55:00+00:00,2026-05-27T07:59:59.999000+00:00,75956.35,75977.17,+0.0274,UP,1
2026-05-27T08:00:00+00:00,2026-05-27T08:04:59.999000+00:00,75977.16,75990.50,+0.0176,UP,1
2026-05-27T08:05:00+00:00,2026-05-27T08:09:59.999000+00:00,75990.49,75932.70,-0.0760,DOWN,1
2026-05-27T08:10:00+00:00,2026-05-27T08:14:59.999000+00:00,75932.69,75919.00,-0.0180,DOWN,1
2026-05-27T08:15:00+00:00,2026-05-27T08:19:59.999000+00:00,75919.00,75912.76,-0.0082,DOWN,1
2026-05-27T08:20:00+00:00,2026-05-27T08:24:59.999000+00:00,75912.76,75960.00,+0.0622,UP,1
2026-05-27T08:25:00+00:00,2026-05-27T08:29:59.999000+00:00,75960.01,76048.53,+0.1165,UP,1
2026-05-27T08:30:00+00:00,2026-05-27T08:34:59.999000+00:00,76048.53,76006.59,-0.0551,DOWN,1
2026-05-27T08:35:00+00:00,2026-05-27T08:39:59.999000+00:00,76006.59,75997.08,-0.0125,DOWN,1
2026-05-27T08:40:00+00:00,2026-05-27T08:44:59.999000+00:00,75997.07,75966.00,-0.0409,DOWN,1
2026-05-27T08:45:00+00:00,2026-05-27T08:49:59.999000+00:00,75966.00,75972.36,+0.0084,UP,1
2026-05-27T08:50:00+00:00,2026-05-27T08:54:59.999000+00:00,75972.37,75879.91,-0.1217,DOWN,1
2026-05-27T08:55:00+00:00,2026-05-27T08:59:59.999000+00:00,75879.91,75873.24,-0.0088,DOWN,1
2026-05-27T09:00:00+00:00,2026-05-27T09:04:59.999000+00:00,75873.25,75760.00,-0.1493,DOWN,1
2026-05-27T09:05:00+00:00,2026-05-27T09:09:59.999000+00:00,75760.01,75798.00,+0.0501,UP,1
2026-05-27T09:10:00+00:00,2026-05-27T09:14:59.999000+00:00,75798.01,75753.77,-0.0584,DOWN,1
2026-05-27T09:15:00+00:00,2026-05-27T09:19:59.999000+00:00,75753.78,75731.88,-0.0289,DOWN,1
2026-05-27T09:20:00+00:00,2026-05-27T09:24:59.999000+00:00,75731.88,75833.08,+0.1336,UP,1
2026-05-27T09:25:00+00:00,2026-05-27T09:29:59.999000+00:00,75833.09,75814.47,-0.0246,DOWN,1
2026-05-27T09:30:00+00:00,2026-05-27T09:34:59.999000+00:00,75814.48,75852.60,+0.0503,UP,1
2026-05-27T09:35:00+00:00,2026-05-27T09:39:59.999000+00:00,75852.61,75970.30,+0.1552,UP,1
2026-05-27T09:40:00+00:00,2026-05-27T09:44:59.999000+00:00,75970.31,75934.08,-0.0477,DOWN,1
2026-05-27T09:45:00+00:00,2026-05-27T09:49:59.999000+00:00,75934.09,75928.07,-0.0079,DOWN,1
2026-05-27T09:50:00+00:00,2026-05-27T09:54:59.999000+00:00,75928.07,75921.34,-0.0089,DOWN,1
2026-05-27T09:55:00+00:00,2026-05-27T09:59:59.999000+00:00,75921.28,75912.60,-0.0114,DOWN,1
2026-05-27T10:00:00+00:00,2026-05-27T10:04:59.999000+00:00,75912.61,75903.99,-0.0114,DOWN,1
2026-05-27T10:05:00+00:00,2026-05-27T10:09:59.999000+00:00,75904.00,75888.00,-0.0211,DOWN,1
2026-05-27T10:10:00+00:00,2026-05-27T10:14:59.999000+00:00,75888.00,75959.36,+0.0940,UP,1
2026-05-27T10:15:00+00:00,2026-05-27T10:19:59.999000+00:00,75959.35,75978.01,+0.0246,UP,1
2026-05-27T10:20:00+00:00,2026-05-27T10:24:59.999000+00:00,75978.00,76006.58,+0.0376,UP,1
2026-05-27T10:25:00+00:00,2026-05-27T10:29:59.999000+00:00,76006.58,76000.01,-0.0086,DOWN,1
2026-05-27T10:30:00+00:00,2026-05-27T10:34:59.999000+00:00,76000.00,75913.18,-0.1142,DOWN,1
2026-05-27T10:35:00+00:00,2026-05-27T10:39:59.999000+00:00,75913.18,75892.00,-0.0279,DOWN,1
2026-05-27T10:40:00+00:00,2026-05-27T10:44:59.999000+00:00,75892.00,75915.87,+0.0315,UP,1
2026-05-27T10:45:00+00:00,2026-05-27T10:49:59.999000+00:00,75915.86,75921.63,+0.0076,UP,1
2026-05-27T10:50:00+00:00,2026-05-27T10:54:59.999000+00:00,75921.63,75935.27,+0.0180,UP,1
2026-05-27T10:55:00+00:00,2026-05-27T10:59:59.999000+00:00,75935.26,75909.82,-0.0335,DOWN,1
2026-05-27T11:00:00+00:00,2026-05-27T11:04:59.999000+00:00,75909.82,75969.22,+0.0783,UP,1
2026-05-27T11:05:00+00:00,2026-05-27T11:09:59.999000+00:00,75969.22,75946.00,-0.0306,DOWN,1
2026-05-27T11:10:00+00:00,2026-05-27T11:14:59.999000+00:00,75946.01,75959.97,+0.0184,UP,1
2026-05-27T11:15:00+00:00,2026-05-27T11:19:59.999000+00:00,75959.97,75982.00,+0.0290,UP,1
2026-05-27T11:20:00+00:00,2026-05-27T11:24:59.999000+00:00,75982.00,76015.24,+0.0437,UP,1
2026-05-27T11:25:00+00:00,2026-05-27T11:29:59.999000+00:00,76015.24,75916.11,-0.1304,DOWN,1
2026-05-27T11:30:00+00:00,2026-05-27T11:34:59.999000+00:00,75916.11,75842.16,-0.0974,DOWN,1
2026-05-27T11:35:00+00:00,2026-05-27T11:39:59.999000+00:00,75842.16,75872.01,+0.0394,UP,1
2026-05-27T11:40:00+00:00,2026-05-27T11:44:59.999000+00:00,75872.00,75834.84,-0.0490,DOWN,1
2026-05-27T11:45:00+00:00,2026-05-27T11:49:59.999000+00:00,75834.85,75787.17,-0.0629,DOWN,1
2026-05-27T11:50:00+00:00,2026-05-27T11:54:59.999000+00:00,75787.17,75766.22,-0.0276,DOWN,1
2026-05-27T11:55:00+00:00,2026-05-27T11:59:59.999000+00:00,75766.22,75769.18,+0.0039,UP,1
2026-05-27T12:00:00+00:00,2026-05-27T12:04:59.999000+00:00,75769.18,75753.22,-0.0211,DOWN,1
2026-05-27T12:05:00+00:00,2026-05-27T12:09:59.999000+00:00,75753.22,75681.66,-0.0945,DOWN,1
2026-05-27T12:10:00+00:00,2026-05-27T12:14:59.999000+00:00,75681.65,75626.30,-0.0731,DOWN,1
2026-05-27T12:15:00+00:00,2026-05-27T12:19:59.999000+00:00,75626.31,75838.10,+0.2800,UP,1
2026-05-27T12:20:00+00:00,2026-05-27T12:24:59.999000+00:00,75838.10,75864.00,+0.0342,UP,1
2026-05-27T12:25:00+00:00,2026-05-27T12:29:59.999000+00:00,75864.01,75942.94,+0.1040,UP,1
2026-05-27T12:30:00+00:00,2026-05-27T12:34:59.999000+00:00,75942.93,75826.48,-0.1533,DOWN,1
2026-05-27T12:35:00+00:00,2026-05-27T12:39:59.999000+00:00,75826.48,75947.99,+0.1602,UP,1
2026-05-27T12:40:00+00:00,2026-05-27T12:44:59.999000+00:00,75947.99,75921.59,-0.0348,DOWN,1
2026-05-27T12:45:00+00:00,2026-05-27T12:49:59.999000+00:00,75921.60,75812.01,-0.1443,DOWN,1
2026-05-27T12:50:00+00:00,2026-05-27T12:54:59.999000+00:00,75812.01,75792.00,-0.0264,DOWN,1
2026-05-27T12:55:00+00:00,2026-05-27T12:59:59.999000+00:00,75792.00,75688.00,-0.1372,DOWN,1
2026-05-27T13:00:00+00:00,2026-05-27T13:04:59.999000+00:00,75688.01,75642.00,-0.0608,DOWN,1
2026-05-27T13:05:00+00:00,2026-05-27T13:09:59.999000+00:00,75642.00,75508.98,-0.1759,DOWN,1
2026-05-27T13:10:00+00:00,2026-05-27T13:14:59.999000+00:00,75508.98,75440.56,-0.0906,DOWN,1
2026-05-27T13:15:00+00:00,2026-05-27T13:19:59.999000+00:00,75440.56,75466.67,+0.0346,UP,1
2026-05-27T13:20:00+00:00,2026-05-27T13:24:59.999000+00:00,75466.68,75372.01,-0.1254,DOWN,1
2026-05-27T13:25:00+00:00,2026-05-27T13:29:59.999000+00:00,75372.01,75200.01,-0.2282,DOWN,1
2026-05-27T13:30:00+00:00,2026-05-27T13:34:59.999000+00:00,75200.01,75251.84,+0.0689,UP,1
2026-05-27T13:35:00+00:00,2026-05-27T13:39:59.999000+00:00,75251.84,74955.27,-0.3941,DOWN,1
2026-05-27T13:40:00+00:00,2026-05-27T13:44:59.999000+00:00,74955.27,74928.50,-0.0357,DOWN,1
2026-05-27T13:45:00+00:00,2026-05-27T13:49:59.999000+00:00,74928.51,74925.23,-0.0044,DOWN,1
2026-05-27T13:50:00+00:00,2026-05-27T13:54:59.999000+00:00,74925.24,74999.53,+0.0992,UP,1
2026-05-27T13:55:00+00:00,2026-05-27T13:59:59.999000+00:00,74999.53,75073.40,+0.0985,UP,1
2026-05-27T14:00:00+00:00,2026-05-27T14:04:59.999000+00:00,75073.40,75218.76,+0.1936,UP,1
2026-05-27T14:05:00+00:00,2026-05-27T14:09:59.999000+00:00,75218.76,75020.01,-0.2642,DOWN,1
2026-05-27T14:10:00+00:00,2026-05-27T14:14:59.999000+00:00,75020.00,75002.57,-0.0232,DOWN,1
2026-05-27T14:15:00+00:00,2026-05-27T14:19:59.999000+00:00,75002.58,75166.00,+0.2179,UP,1
2026-05-27T14:20:00+00:00,2026-05-27T14:24:59.999000+00:00,75166.00,74880.00,-0.3805,DOWN,1
2026-05-27T14:25:00+00:00,2026-05-27T14:29:59.999000+00:00,74880.00,74875.96,-0.0054,DOWN,1
2026-05-27T14:30:00+00:00,2026-05-27T14:34:59.999000+00:00,74875.96,75013.28,+0.1834,UP,1
2026-05-27T14:35:00+00:00,2026-05-27T14:39:59.999000+00:00,75013.29,75086.01,+0.0969,UP,1
2026-05-27T14:40:00+00:00,2026-05-27T14:44:59.999000+00:00,75086.01,75064.00,-0.0293,DOWN,1
2026-05-27T14:45:00+00:00,2026-05-27T14:49:59.999000+00:00,75064.00,75005.70,-0.0777,DOWN,1
2026-05-27T14:50:00+00:00,2026-05-27T14:54:59.999000+00:00,75005.08,75108.77,+0.1382,UP,1
2026-05-27T14:55:00+00:00,2026-05-27T14:59:59.999000+00:00,75108.78,75031.92,-0.1023,DOWN,1
2026-05-27T15:00:00+00:00,2026-05-27T15:04:59.999000+00:00,75031.92,75052.02,+0.0268,UP,1
2026-05-27T15:05:00+00:00,2026-05-27T15:09:59.999000+00:00,75052.01,75111.30,+0.0790,UP,1
2026-05-27T15:10:00+00:00,2026-05-27T15:14:59.999000+00:00,75111.30,75130.00,+0.0249,UP,1
2026-05-27T15:15:00+00:00,2026-05-27T15:19:59.999000+00:00,75130.01,75221.08,+0.1212,UP,1
2026-05-27T15:20:00+00:00,2026-05-27T15:24:59.999000+00:00,75221.08,75399.88,+0.2377,UP,1
2026-05-27T15:25:00+00:00,2026-05-27T15:29:59.999000+00:00,75399.88,75352.89,-0.0623,DOWN,1
2026-05-27T15:30:00+00:00,2026-05-27T15:34:59.999000+00:00,75352.89,75431.76,+0.1047,UP,1
2026-05-27T15:35:00+00:00,2026-05-27T15:39:59.999000+00:00,75431.76,75394.00,-0.0501,DOWN,1
2026-05-27T15:40:00+00:00,2026-05-27T15:44:59.999000+00:00,75394.01,75202.01,-0.2547,DOWN,1
2026-05-27T15:45:00+00:00,2026-05-27T15:49:59.999000+00:00,75202.01,75338.00,+0.1808,UP,1
2026-05-27T15:50:00+00:00,2026-05-27T15:54:59.999000+00:00,75338.00,75276.15,-0.0821,DOWN,1
2026-05-27T15:55:00+00:00,2026-05-27T15:59:59.999000+00:00,75276.16,75326.01,+0.0662,UP,1
2026-05-27T16:00:00+00:00,2026-05-27T16:04:59.999000+00:00,75326.02,75248.96,-0.1023,DOWN,1
2026-05-27T16:05:00+00:00,2026-05-27T16:09:59.999000+00:00,75248.97,75273.26,+0.0323,UP,1
2026-05-27T16:10:00+00:00,2026-05-27T16:14:59.999000+00:00,75273.27,75290.20,+0.0225,UP,1
2026-05-27T16:15:00+00:00,2026-05-27T16:19:59.999000+00:00,75290.20,75114.04,-0.2340,DOWN,1
2026-05-27T16:20:00+00:00,2026-05-27T16:24:59.999000+00:00,75114.03,75063.36,-0.0675,DOWN,1
2026-05-27T16:25:00+00:00,2026-05-27T16:29:59.999000+00:00,75063.36,75098.01,+0.0462,UP,1
2026-05-27T16:30:00+00:00,2026-05-27T16:34:59.999000+00:00,75098.00,75059.16,-0.0517,DOWN,1
2026-05-27T16:35:00+00:00,2026-05-27T16:39:59.999000+00:00,75059.16,75062.52,+0.0045,UP,1
2026-05-27T16:40:00+00:00,2026-05-27T16:44:59.999000+00:00,75062.52,75151.26,+0.1182,UP,1
2026-05-27T16:45:00+00:00,2026-05-27T16:49:59.999000+00:00,75151.26,75203.65,+0.0697,UP,1
2026-05-27T16:50:00+00:00,2026-05-27T16:54:59.999000+00:00,75203.64,75279.26,+0.1006,UP,1
2026-05-27T16:55:00+00:00,2026-05-27T16:59:59.999000+00:00,75279.26,75304.01,+0.0329,UP,1
2026-05-27T17:00:00+00:00,2026-05-27T17:04:59.999000+00:00,75304.01,75333.32,+0.0389,UP,1
2026-05-27T17:05:00+00:00,2026-05-27T17:09:59.999000+00:00,75333.31,75121.05,-0.2818,DOWN,1
2026-05-27T17:10:00+00:00,2026-05-27T17:14:59.999000+00:00,75121.05,74968.25,-0.2034,DOWN,1
2026-05-27T17:15:00+00:00,2026-05-27T17:19:59.999000+00:00,74968.26,74964.77,-0.0047,DOWN,1
2026-05-27T17:20:00+00:00,2026-05-27T17:24:59.999000+00:00,74964.76,75043.23,+0.1047,UP,1
2026-05-27T17:25:00+00:00,2026-05-27T17:29:59.999000+00:00,75043.24,74997.29,-0.0612,DOWN,1
2026-05-27T17:30:00+00:00,2026-05-27T17:34:59.999000+00:00,74997.30,74992.00,-0.0071,DOWN,1
2026-05-27T17:35:00+00:00,2026-05-27T17:39:59.999000+00:00,74992.00,74996.00,+0.0053,UP,1
2026-05-27T17:40:00+00:00,2026-05-27T17:44:59.999000+00:00,74996.00,74908.00,-0.1173,DOWN,1
2026-05-27T17:45:00+00:00,2026-05-27T17:49:59.999000+00:00,74908.00,74934.01,+0.0347,UP,1
2026-05-27T17:50:00+00:00,2026-05-27T17:54:59.999000+00:00,74934.00,74897.09,-0.0493,DOWN,1
2026-05-27T17:55:00+00:00,2026-05-27T17:59:59.999000+00:00,74897.09,74860.42,-0.0490,DOWN,1
2026-05-27T18:00:00+00:00,2026-05-27T18:04:59.999000+00:00,74860.42,74867.13,+0.0090,UP,1
2026-05-27T18:05:00+00:00,2026-05-27T18:09:59.999000+00:00,74867.12,74783.66,-0.1115,DOWN,1
2026-05-27T18:10:00+00:00,2026-05-27T18:14:59.999000+00:00,74783.66,74738.01,-0.0610,DOWN,1
2026-05-27T18:15:00+00:00,2026-05-27T18:19:59.999000+00:00,74738.00,74840.00,+0.1365,UP,1
2026-05-27T18:20:00+00:00,2026-05-27T18:24:59.999000+00:00,74840.00,74866.30,+0.0351,UP,1
2026-05-27T18:25:00+00:00,2026-05-27T18:29:59.999000+00:00,74866.30,74903.50,+0.0497,UP,1
2026-05-27T18:30:00+00:00,2026-05-27T18:34:59.999000+00:00,74903.49,74914.01,+0.0140,UP,1
2026-05-27T18:35:00+00:00,2026-05-27T18:39:59.999000+00:00,74914.01,74932.33,+0.0245,UP,1
2026-05-27T18:40:00+00:00,2026-05-27T18:44:59.999000+00:00,74932.33,74985.79,+0.0713,UP,1
2026-05-27T18:45:00+00:00,2026-05-27T18:49:59.999000+00:00,74985.78,74988.01,+0.0030,UP,1
2026-05-27T18:50:00+00:00,2026-05-27T18:54:59.999000+00:00,74988.00,74983.36,-0.0062,DOWN,1
2026-05-27T18:55:00+00:00,2026-05-27T18:59:59.999000+00:00,74983.36,75026.67,+0.0578,UP,1
2026-05-27T19:00:00+00:00,2026-05-27T19:04:59.999000+00:00,75026.67,75051.90,+0.0336,UP,1
2026-05-27T19:05:00+00:00,2026-05-27T19:09:59.999000+00:00,75051.90,75012.01,-0.0531,DOWN,1
2026-05-27T19:10:00+00:00,2026-05-27T19:14:59.999000+00:00,75012.00,75048.61,+0.0488,UP,1
2026-05-27T19:15:00+00:00,2026-05-27T19:19:59.999000+00:00,75048.60,75004.00,-0.0594,DOWN,1
2026-05-27T19:20:00+00:00,2026-05-27T19:24:59.999000+00:00,75004.01,75084.25,+0.1070,UP,1
2026-05-27T19:25:00+00:00,2026-05-27T19:29:59.999000+00:00,75084.25,75039.88,-0.0591,DOWN,1
2026-05-27T19:30:00+00:00,2026-05-27T19:34:59.999000+00:00,75039.89,75040.21,+0.0004,UP,1
2026-05-27T19:35:00+00:00,2026-05-27T19:39:59.999000+00:00,75040.21,75054.01,+0.0184,UP,1
2026-05-27T19:40:00+00:00,2026-05-27T19:44:59.999000+00:00,75054.01,75012.27,-0.0556,DOWN,1
2026-05-27T19:45:00+00:00,2026-05-27T19:49:59.999000+00:00,75012.27,74971.21,-0.0547,DOWN,1
2026-05-27T19:50:00+00:00,2026-05-27T19:54:59.999000+00:00,74971.20,75057.53,+0.1152,UP,1
2026-05-27T19:55:00+00:00,2026-05-27T19:59:59.999000+00:00,75057.53,75066.08,+0.0114,UP,1
2026-05-27T20:00:00+00:00,2026-05-27T20:04:59.999000+00:00,75066.09,75173.30,+0.1428,UP,1
2026-05-27T20:05:00+00:00,2026-05-27T20:09:59.999000+00:00,75173.29,75271.99,+0.1313,UP,1
2026-05-27T20:10:00+00:00,2026-05-27T20:14:59.999000+00:00,75272.00,75309.33,+0.0496,UP,1
2026-05-27T20:15:00+00:00,2026-05-27T20:19:59.999000+00:00,75309.32,75403.34,+0.1248,UP,1
2026-05-27T20:20:00+00:00,2026-05-27T20:24:59.999000+00:00,75403.33,75300.57,-0.1363,DOWN,1
2026-05-27T20:25:00+00:00,2026-05-27T20:29:59.999000+00:00,75300.57,75282.00,-0.0247,DOWN,1
2026-05-27T20:30:00+00:00,2026-05-27T20:34:59.999000+00:00,75282.01,75238.46,-0.0578,DOWN,1
2026-05-27T20:35:00+00:00,2026-05-27T20:39:59.999000+00:00,75238.45,75242.61,+0.0055,UP,1
2026-05-27T20:40:00+00:00,2026-05-27T20:44:59.999000+00:00,75242.62,75252.00,+0.0125,UP,1
2026-05-27T20:45:00+00:00,2026-05-27T20:49:59.999000+00:00,75252.01,75290.22,+0.0508,UP,1
2026-05-27T20:50:00+00:00,2026-05-27T20:54:59.999000+00:00,75290.23,75248.00,-0.0561,DOWN,1
2026-05-27T20:55:00+00:00,2026-05-27T20:59:59.999000+00:00,75247.99,75274.58,+0.0353,UP,1
2026-05-27T21:00:00+00:00,2026-05-27T21:04:59.999000+00:00,75274.58,75200.01,-0.0991,DOWN,1
2026-05-27T21:05:00+00:00,2026-05-27T21:09:59.999000+00:00,75200.00,75165.10,-0.0464,DOWN,1
2026-05-27T21:10:00+00:00,2026-05-27T21:14:59.999000+00:00,75165.09,75167.16,+0.0028,UP,1
2026-05-27T21:15:00+00:00,2026-05-27T21:19:59.999000+00:00,75167.16,75156.57,-0.0141,DOWN,1
2026-05-27T21:20:00+00:00,2026-05-27T21:24:59.999000+00:00,75156.58,75172.28,+0.0209,UP,1
2026-05-27T21:25:00+00:00,2026-05-27T21:29:59.999000+00:00,75172.28,75100.01,-0.0961,DOWN,1
2026-05-27T21:30:00+00:00,2026-05-27T21:34:59.999000+00:00,75100.01,74949.50,-0.2004,DOWN,1
2026-05-27T21:35:00+00:00,2026-05-27T21:39:59.999000+00:00,74949.50,74877.83,-0.0956,DOWN,1
2026-05-27T21:40:00+00:00,2026-05-27T21:44:59.999000+00:00,74877.83,74628.00,-0.3337,DOWN,1
2026-05-27T21:45:00+00:00,2026-05-27T21:49:59.999000+00:00,74628.01,74496.45,-0.1763,DOWN,1
2026-05-27T21:50:00+00:00,2026-05-27T21:54:59.999000+00:00,74496.45,74375.64,-0.1622,DOWN,1
2026-05-27T21:55:00+00:00,2026-05-27T21:59:59.999000+00:00,74375.64,74473.01,+0.1309,UP,1
2026-05-27T22:00:00+00:00,2026-05-27T22:04:59.999000+00:00,74473.01,74664.00,+0.2565,UP,1
2026-05-27T22:05:00+00:00,2026-05-27T22:09:59.999000+00:00,74664.00,74547.50,-0.1560,DOWN,1
2026-05-27T22:10:00+00:00,2026-05-27T22:14:59.999000+00:00,74547.50,74402.67,-0.1943,DOWN,1
2026-05-27T22:15:00+00:00,2026-05-27T22:19:59.999000+00:00,74402.67,74502.70,+0.1344,UP,1
2026-05-27T22:20:00+00:00,2026-05-27T22:24:59.999000+00:00,74502.70,74534.58,+0.0428,UP,1
2026-05-27T22:25:00+00:00,2026-05-27T22:29:59.999000+00:00,74534.58,74606.00,+0.0958,UP,1
2026-05-27T22:30:00+00:00,2026-05-27T22:34:59.999000+00:00,74606.00,74608.01,+0.0027,UP,1
2026-05-27T22:35:00+00:00,2026-05-27T22:39:59.999000+00:00,74608.01,74626.20,+0.0244,UP,1
2026-05-27T22:40:00+00:00,2026-05-27T22:44:59.999000+00:00,74626.21,74633.60,+0.0099,UP,1
2026-05-27T22:45:00+00:00,2026-05-27T22:49:59.999000+00:00,74632.02,74542.00,-0.1206,DOWN,1
2026-05-27T22:50:00+00:00,2026-05-27T22:54:59.999000+00:00,74542.00,74519.12,-0.0307,DOWN,1
2026-05-27T22:55:00+00:00,2026-05-27T22:59:59.999000+00:00,74519.11,74418.13,-0.1355,DOWN,1
2026-05-27T23:00:00+00:00,2026-05-27T23:04:59.999000+00:00,74418.12,74464.34,+0.0621,UP,1
2026-05-27T23:05:00+00:00,2026-05-27T23:09:59.999000+00:00,74464.34,74436.00,-0.0381,DOWN,1
2026-05-27T23:10:00+00:00,2026-05-27T23:14:59.999000+00:00,74436.00,74455.14,+0.0257,UP,1
2026-05-27T23:15:00+00:00,2026-05-27T23:19:59.999000+00:00,74455.15,74510.76,+0.0747,UP,1
2026-05-27T23:20:00+00:00,2026-05-27T23:24:59.999000+00:00,74510.76,74329.46,-0.2433,DOWN,1
2026-05-27T23:25:00+00:00,2026-05-27T23:29:59.999000+00:00,74329.46,74297.14,-0.0435,DOWN,1
2026-05-27T23:30:00+00:00,2026-05-27T23:34:59.999000+00:00,74297.14,74314.00,+0.0227,UP,1
2026-05-27T23:35:00+00:00,2026-05-27T23:39:59.999000+00:00,74314.00,74325.72,+0.0158,UP,1
2026-05-27T23:40:00+00:00,2026-05-27T23:44:59.999000+00:00,74325.72,74377.66,+0.0699,UP,1
2026-05-27T23:45:00+00:00,2026-05-27T23:49:59.999000+00:00,74377.66,74488.00,+0.1484,UP,1
2026-05-27T23:50:00+00:00,2026-05-27T23:54:59.999000+00:00,74488.00,74409.82,-0.1050,DOWN,1
2026-05-27T23:55:00+00:00,2026-05-27T23:59:59.999000+00:00,74409.82,74449.30,+0.0531,UP,1
2026-05-28T00:00:00+00:00,2026-05-28T00:04:59.999000+00:00,74449.31,74555.08,+0.1421,UP,1
2026-05-28T00:05:00+00:00,2026-05-28T00:09:59.999000+00:00,74555.09,74537.37,-0.0238,DOWN,1
2026-05-28T00:10:00+00:00,2026-05-28T00:14:59.999000+00:00,74537.36,74431.70,-0.1418,DOWN,1
2026-05-28T00:15:00+00:00,2026-05-28T00:19:59.999000+00:00,74431.70,74521.40,+0.1205,UP,1
2026-05-28T00:20:00+00:00,2026-05-28T00:24:59.999000+00:00,74521.40,74472.00,-0.0663,DOWN,1
2026-05-28T00:25:00+00:00,2026-05-28T00:29:59.999000+00:00,74472.00,74477.18,+0.0070,UP,1
2026-05-28T00:30:00+00:00,2026-05-28T00:34:59.999000+00:00,74477.18,74548.25,+0.0954,UP,1
2026-05-28T00:35:00+00:00,2026-05-28T00:39:59.999000+00:00,74548.25,74531.18,-0.0229,DOWN,1
2026-05-28T00:40:00+00:00,2026-05-28T00:44:59.999000+00:00,74531.17,74573.76,+0.0571,UP,1
2026-05-28T00:45:00+00:00,2026-05-28T00:49:59.999000+00:00,74573.76,74525.62,-0.0646,DOWN,1
2026-05-28T00:50:00+00:00,2026-05-28T00:54:59.999000+00:00,74525.61,74541.47,+0.0213,UP,1
2026-05-28T00:55:00+00:00,2026-05-28T00:59:59.999000+00:00,74541.48,74570.66,+0.0391,UP,1
2026-05-28T01:00:00+00:00,2026-05-28T01:04:59.999000+00:00,74570.67,74556.01,-0.0197,DOWN,1
2026-05-28T01:05:00+00:00,2026-05-28T01:09:59.999000+00:00,74556.00,74506.96,-0.0658,DOWN,1
2026-05-28T01:10:00+00:00,2026-05-28T01:14:59.999000+00:00,74506.97,74480.95,-0.0349,DOWN,1
2026-05-28T01:15:00+00:00,2026-05-28T01:19:59.999000+00:00,74480.95,74350.70,-0.1749,DOWN,1
2026-05-28T01:20:00+00:00,2026-05-28T01:24:59.999000+00:00,74350.70,74462.00,+0.1497,UP,1
2026-05-28T01:25:00+00:00,2026-05-28T01:29:59.999000+00:00,74462.01,74286.46,-0.2358,DOWN,1
2026-05-28T01:30:00+00:00,2026-05-28T01:34:59.999000+00:00,74286.46,74354.89,+0.0921,UP,1
2026-05-28T01:35:00+00:00,2026-05-28T01:39:59.999000+00:00,74354.90,74295.95,-0.0793,DOWN,1
2026-05-28T01:40:00+00:00,2026-05-28T01:44:59.999000+00:00,74295.95,74271.67,-0.0327,DOWN,1
2026-05-28T01:45:00+00:00,2026-05-28T01:49:59.999000+00:00,74271.67,74364.01,+0.1243,UP,1
2026-05-28T01:50:00+00:00,2026-05-28T01:54:59.999000+00:00,74364.00,74304.00,-0.0807,DOWN,1
2026-05-28T01:55:00+00:00,2026-05-28T01:59:59.999000+00:00,74304.01,74344.08,+0.0539,UP,1
2026-05-28T02:00:00+00:00,2026-05-28T02:04:59.999000+00:00,74344.07,74262.01,-0.1104,DOWN,1
2026-05-28T02:05:00+00:00,2026-05-28T02:09:59.999000+00:00,74262.00,74332.50,+0.0949,UP,1
2026-05-28T02:10:00+00:00,2026-05-28T02:14:59.999000+00:00,74332.51,74365.28,+0.0441,UP,1
2026-05-28T02:15:00+00:00,2026-05-28T02:19:59.999000+00:00,74365.29,74282.29,-0.1116,DOWN,1
2026-05-28T02:20:00+00:00,2026-05-28T02:24:59.999000+00:00,74282.29,74222.53,-0.0804,DOWN,1
2026-05-28T02:25:00+00:00,2026-05-28T02:29:59.999000+00:00,74222.53,74214.60,-0.0107,DOWN,1
2026-05-28T02:30:00+00:00,2026-05-28T02:34:59.999000+00:00,74214.60,74224.53,+0.0134,UP,1
2026-05-28T02:35:00+00:00,2026-05-28T02:39:59.999000+00:00,74224.52,74272.78,+0.0650,UP,1
2026-05-28T02:40:00+00:00,2026-05-28T02:44:59.999000+00:00,74272.78,74264.74,-0.0108,DOWN,1
2026-05-28T02:45:00+00:00,2026-05-28T02:49:59.999000+00:00,74264.74,74361.98,+0.1309,UP,1
2026-05-28T02:50:00+00:00,2026-05-28T02:54:59.999000+00:00,74361.98,74344.93,-0.0229,DOWN,1
2026-05-28T02:55:00+00:00,2026-05-28T02:59:59.999000+00:00,74344.93,74287.42,-0.0774,DOWN,1
2026-05-28T03:00:00+00:00,2026-05-28T03:04:59.999000+00:00,74287.43,74310.15,+0.0306,UP,1
2026-05-28T03:05:00+00:00,2026-05-28T03:09:59.999000+00:00,74310.15,74259.27,-0.0685,DOWN,1
2026-05-28T03:10:00+00:00,2026-05-28T03:14:59.999000+00:00,74259.27,74212.00,-0.0637,DOWN,1
2026-05-28T03:15:00+00:00,2026-05-28T03:19:59.999000+00:00,74212.01,73729.57,-0.6501,DOWN,1
2026-05-28T03:20:00+00:00,2026-05-28T03:24:59.999000+00:00,73729.56,73938.58,+0.2835,UP,1
2026-05-28T03:25:00+00:00,2026-05-28T03:29:59.999000+00:00,73938.59,73746.57,-0.2597,DOWN,1
2026-05-28T03:30:00+00:00,2026-05-28T03:34:59.999000+00:00,73746.58,73678.42,-0.0924,DOWN,1
2026-05-28T03:35:00+00:00,2026-05-28T03:39:59.999000+00:00,73678.43,73481.72,-0.2670,DOWN,1
2026-05-28T03:40:00+00:00,2026-05-28T03:44:59.999000+00:00,73481.72,73430.01,-0.0704,DOWN,1
2026-05-28T03:45:00+00:00,2026-05-28T03:49:59.999000+00:00,73430.00,73410.00,-0.0272,DOWN,1
2026-05-28T03:50:00+00:00,2026-05-28T03:54:59.999000+00:00,73410.00,73230.98,-0.2439,DOWN,1
2026-05-28T03:55:00+00:00,2026-05-28T03:59:59.999000+00:00,73230.98,73258.01,+0.0369,UP,1
2026-05-28T04:00:00+00:00,2026-05-28T04:04:59.999000+00:00,73258.00,73105.37,-0.2083,DOWN,1
2026-05-28T04:05:00+00:00,2026-05-28T04:09:59.999000+00:00,73105.37,73199.75,+0.1291,UP,1
2026-05-28T04:10:00+00:00,2026-05-28T04:14:59.999000+00:00,73199.74,73082.08,-0.1607,DOWN,1
2026-05-28T04:15:00+00:00,2026-05-28T04:19:59.999000+00:00,73082.07,72993.83,-0.1207,DOWN,1
2026-05-28T04:20:00+00:00,2026-05-28T04:24:59.999000+00:00,72993.83,72904.95,-0.1218,DOWN,1
2026-05-28T04:25:00+00:00,2026-05-28T04:29:59.999000+00:00,72904.95,73004.40,+0.1364,UP,1
2026-05-28T04:30:00+00:00,2026-05-28T04:34:59.999000+00:00,73004.40,73096.66,+0.1264,UP,1
2026-05-28T04:35:00+00:00,2026-05-28T04:39:59.999000+00:00,73096.65,73089.63,-0.0096,DOWN,1
2026-05-28T04:40:00+00:00,2026-05-28T04:44:59.999000+00:00,73089.63,73180.01,+0.1237,UP,1
2026-05-28T04:45:00+00:00,2026-05-28T04:49:59.999000+00:00,73180.01,73182.31,+0.0031,UP,1
2026-05-28T04:50:00+00:00,2026-05-28T04:54:59.999000+00:00,73182.31,73138.24,-0.0602,DOWN,1
2026-05-28T04:55:00+00:00,2026-05-28T04:59:59.999000+00:00,73138.24,73181.95,+0.0598,UP,1
2026-05-28T05:00:00+00:00,2026-05-28T05:04:59.999000+00:00,73181.95,73120.54,-0.0839,DOWN,1
2026-05-28T05:05:00+00:00,2026-05-28T05:09:59.999000+00:00,73120.54,73029.40,-0.1246,DOWN,1
2026-05-28T05:10:00+00:00,2026-05-28T05:14:59.999000+00:00,73029.39,73024.46,-0.0068,DOWN,1
2026-05-28T05:15:00+00:00,2026-05-28T05:19:59.999000+00:00,73024.46,72976.28,-0.0660,DOWN,1
2026-05-28T05:20:00+00:00,2026-05-28T05:24:59.999000+00:00,72976.29,73027.58,+0.0703,UP,1
2026-05-28T05:25:00+00:00,2026-05-28T05:29:59.999000+00:00,73027.58,72958.01,-0.0953,DOWN,1
2026-05-28T05:30:00+00:00,2026-05-28T05:34:59.999000+00:00,72958.01,73029.01,+0.0973,UP,1
2026-05-28T05:35:00+00:00,2026-05-28T05:39:59.999000+00:00,73028.63,73031.87,+0.0044,UP,1
2026-05-28T05:40:00+00:00,2026-05-28T05:44:59.999000+00:00,73031.86,73031.20,-0.0009,DOWN,1
2026-05-28T05:45:00+00:00,2026-05-28T05:49:59.999000+00:00,73031.20,72996.00,-0.0482,DOWN,1
2026-05-28T05:50:00+00:00,2026-05-28T05:54:59.999000+00:00,72996.00,73044.02,+0.0658,UP,1
2026-05-28T05:55:00+00:00,2026-05-28T05:59:59.999000+00:00,73044.01,72990.87,-0.0728,DOWN,1
2026-05-28T06:00:00+00:00,2026-05-28T06:04:59.999000+00:00,72990.87,73030.01,+0.0536,UP,1
2026-05-28T06:05:00+00:00,2026-05-28T06:09:59.999000+00:00,73030.01,73000.01,-0.0411,DOWN,1
2026-05-28T06:10:00+00:00,2026-05-28T06:14:59.999000+00:00,73000.00,73010.01,+0.0137,UP,1
2026-05-28T06:15:00+00:00,2026-05-28T06:19:59.999000+00:00,73010.01,72995.00,-0.0206,DOWN,1
2026-05-28T06:20:00+00:00,2026-05-28T06:24:59.999000+00:00,72994.99,72949.56,-0.0622,DOWN,1
2026-05-28T06:25:00+00:00,2026-05-28T06:29:59.999000+00:00,72949.56,72940.09,-0.0130,DOWN,1
2026-05-28T06:30:00+00:00,2026-05-28T06:34:59.999000+00:00,72940.09,72844.88,-0.1305,DOWN,1
2026-05-28T06:35:00+00:00,2026-05-28T06:39:59.999000+00:00,72844.88,72838.60,-0.0086,DOWN,1
2026-05-28T06:40:00+00:00,2026-05-28T06:44:59.999000+00:00,72838.59,72912.81,+0.1019,UP,1
2026-05-28T06:45:00+00:00,2026-05-28T06:49:59.999000+00:00,72912.81,73145.24,+0.3188,UP,1
2026-05-28T06:50:00+00:00,2026-05-28T06:54:59.999000+00:00,73145.24,73102.46,-0.0585,DOWN,1
2026-05-28T06:55:00+00:00,2026-05-28T06:59:59.999000+00:00,73102.45,73202.70,+0.1371,UP,1
2026-05-28T07:00:00+00:00,2026-05-28T07:04:59.999000+00:00,73202.71,73194.69,-0.0110,DOWN,1
2026-05-28T07:05:00+00:00,2026-05-28T07:09:59.999000+00:00,73194.69,73228.38,+0.0460,UP,1
2026-05-28T07:10:00+00:00,2026-05-28T07:14:59.999000+00:00,73228.38,73213.29,-0.0206,DOWN,1
2026-05-28T07:15:00+00:00,2026-05-28T07:19:59.999000+00:00,73213.30,73290.01,+0.1048,UP,1
2026-05-28T07:20:00+00:00,2026-05-28T07:24:59.999000+00:00,73290.00,73311.58,+0.0294,UP,1
2026-05-28T07:25:00+00:00,2026-05-28T07:29:59.999000+00:00,73311.58,73259.03,-0.0717,DOWN,1
2026-05-28T07:30:00+00:00,2026-05-28T07:34:59.999000+00:00,73259.03,73374.01,+0.1569,UP,1
2026-05-28T07:35:00+00:00,2026-05-28T07:39:59.999000+00:00,73374.01,73419.39,+0.0618,UP,1
2026-05-28T07:40:00+00:00,2026-05-28T07:44:59.999000+00:00,73419.39,73502.00,+0.1125,UP,1
2026-05-28T07:45:00+00:00,2026-05-28T07:49:59.999000+00:00,73502.01,73434.01,-0.0925,DOWN,1
2026-05-28T07:50:00+00:00,2026-05-28T07:54:59.999000+00:00,73434.01,73426.42,-0.0103,DOWN,1
2026-05-28T07:55:00+00:00,2026-05-28T07:59:59.999000+00:00,73426.42,73498.00,+0.0975,UP,1
2026-05-28T08:00:00+00:00,2026-05-28T08:04:59.999000+00:00,73498.00,73378.01,-0.1633,DOWN,1
2026-05-28T08:05:00+00:00,2026-05-28T08:09:59.999000+00:00,73378.01,73424.45,+0.0633,UP,1
2026-05-28T08:10:00+00:00,2026-05-28T08:14:59.999000+00:00,73424.46,73448.97,+0.0334,UP,1
2026-05-28T08:15:00+00:00,2026-05-28T08:19:59.999000+00:00,73448.97,73438.78,-0.0139,DOWN,1
2026-05-28T08:20:00+00:00,2026-05-28T08:24:59.999000+00:00,73438.77,73310.01,-0.1753,DOWN,1
2026-05-28T08:25:00+00:00,2026-05-28T08:29:59.999000+00:00,73310.01,73263.27,-0.0638,DOWN,1
2026-05-28T08:30:00+00:00,2026-05-28T08:34:59.999000+00:00,73263.27,73266.00,+0.0037,UP,1
2026-05-28T08:35:00+00:00,2026-05-28T08:39:59.999000+00:00,73266.01,73295.97,+0.0409,UP,1
2026-05-28T08:40:00+00:00,2026-05-28T08:44:59.999000+00:00,73295.98,73292.92,-0.0042,DOWN,1
2026-05-28T08:45:00+00:00,2026-05-28T08:49:59.999000+00:00,73292.92,73332.01,+0.0533,UP,1
2026-05-28T08:50:00+00:00,2026-05-28T08:54:59.999000+00:00,73332.00,73342.28,+0.0140,UP,1
2026-05-28T08:55:00+00:00,2026-05-28T08:59:59.999000+00:00,73342.28,73325.88,-0.0224,DOWN,1
2026-05-28T09:00:00+00:00,2026-05-28T09:04:59.999000+00:00,73325.88,73365.99,+0.0547,UP,1
2026-05-28T09:05:00+00:00,2026-05-28T09:09:59.999000+00:00,73365.99,73334.88,-0.0424,DOWN,1
2026-05-28T09:10:00+00:00,2026-05-28T09:14:59.999000+00:00,73334.88,73311.19,-0.0323,DOWN,1
2026-05-28T09:15:00+00:00,2026-05-28T09:19:59.999000+00:00,73311.18,73376.25,+0.0888,UP,1
2026-05-28T09:20:00+00:00,2026-05-28T09:24:59.999000+00:00,73376.26,73399.07,+0.0311,UP,1
2026-05-28T09:25:00+00:00,2026-05-28T09:29:59.999000+00:00,73399.06,73404.30,+0.0071,UP,1
2026-05-28T09:30:00+00:00,2026-05-28T09:34:59.999000+00:00,73404.30,73414.68,+0.0141,UP,1
2026-05-28T09:35:00+00:00,2026-05-28T09:39:59.999000+00:00,73414.68,73442.40,+0.0378,UP,1
2026-05-28T09:40:00+00:00,2026-05-28T09:44:59.999000+00:00,73442.40,73491.30,+0.0666,UP,1
2026-05-28T09:45:00+00:00,2026-05-28T09:49:59.999000+00:00,73491.31,73550.00,+0.0799,UP,1
2026-05-28T09:50:00+00:00,2026-05-28T09:54:59.999000+00:00,73549.99,73549.10,-0.0012,DOWN,1
2026-05-28T09:55:00+00:00,2026-05-28T09:59:59.999000+00:00,73549.11,73541.24,-0.0107,DOWN,1
2026-05-28T10:00:00+00:00,2026-05-28T10:04:59.999000+00:00,73541.25,73502.53,-0.0527,DOWN,1
2026-05-28T10:05:00+00:00,2026-05-28T10:09:59.999000+00:00,73502.53,73530.01,+0.0374,UP,1
2026-05-28T10:10:00+00:00,2026-05-28T10:14:59.999000+00:00,73530.01,73579.66,+0.0675,UP,1
2026-05-28T10:15:00+00:00,2026-05-28T10:19:59.999000+00:00,73579.65,73455.91,-0.1682,DOWN,1
2026-05-28T10:20:00+00:00,2026-05-28T10:24:59.999000+00:00,73455.92,73369.30,-0.1179,DOWN,1
2026-05-28T10:25:00+00:00,2026-05-28T10:29:59.999000+00:00,73369.31,73429.73,+0.0824,UP,1
2026-05-28T10:30:00+00:00,2026-05-28T10:34:59.999000+00:00,73429.73,73434.32,+0.0063,UP,1
2026-05-28T10:35:00+00:00,2026-05-28T10:39:59.999000+00:00,73434.32,73473.56,+0.0534,UP,1
2026-05-28T10:40:00+00:00,2026-05-28T10:44:59.999000+00:00,73473.56,73510.19,+0.0499,UP,1
2026-05-28T10:45:00+00:00,2026-05-28T10:49:59.999000+00:00,73510.20,73514.78,+0.0062,UP,1
2026-05-28T10:50:00+00:00,2026-05-28T10:54:59.999000+00:00,73514.78,73418.10,-0.1315,DOWN,1
2026-05-28T10:55:00+00:00,2026-05-28T10:59:59.999000+00:00,73418.10,73400.01,-0.0246,DOWN,1
2026-05-28T11:00:00+00:00,2026-05-28T11:04:59.999000+00:00,73400.01,73395.79,-0.0057,DOWN,1
2026-05-28T11:05:00+00:00,2026-05-28T11:09:59.999000+00:00,73395.80,73384.34,-0.0156,DOWN,1
2026-05-28T11:10:00+00:00,2026-05-28T11:14:59.999000+00:00,73384.34,73440.96,+0.0772,UP,1
2026-05-28T11:15:00+00:00,2026-05-28T11:19:59.999000+00:00,73440.97,73448.41,+0.0101,UP,1
2026-05-28T11:20:00+00:00,2026-05-28T11:24:59.999000+00:00,73448.40,73424.00,-0.0332,DOWN,1
2026-05-28T11:25:00+00:00,2026-05-28T11:29:59.999000+00:00,73423.99,73354.86,-0.0942,DOWN,1
2026-05-28T11:30:00+00:00,2026-05-28T11:34:59.999000+00:00,73354.85,73378.49,+0.0322,UP,1
2026-05-28T11:35:00+00:00,2026-05-28T11:39:59.999000+00:00,73378.50,73384.86,+0.0087,UP,1
2026-05-28T11:40:00+00:00,2026-05-28T11:44:59.999000+00:00,73384.86,73478.74,+0.1279,UP,1
2026-05-28T11:45:00+00:00,2026-05-28T11:49:59.999000+00:00,73478.75,73477.53,-0.0017,DOWN,1
2026-05-28T11:50:00+00:00,2026-05-28T11:54:59.999000+00:00,73477.54,73531.21,+0.0730,UP,1
2026-05-28T11:55:00+00:00,2026-05-28T11:59:59.999000+00:00,73531.22,73505.66,-0.0348,DOWN,1
2026-05-28T12:00:00+00:00,2026-05-28T12:04:59.999000+00:00,73505.65,73471.64,-0.0463,DOWN,1
2026-05-28T12:05:00+00:00,2026-05-28T12:09:59.999000+00:00,73471.64,73492.04,+0.0278,UP,1
2026-05-28T12:10:00+00:00,2026-05-28T12:14:59.999000+00:00,73492.04,73408.00,-0.1144,DOWN,1
2026-05-28T12:15:00+00:00,2026-05-28T12:19:59.999000+00:00,73408.00,73362.75,-0.0616,DOWN,1
2026-05-28T12:20:00+00:00,2026-05-28T12:24:59.999000+00:00,73362.76,73265.03,-0.1332,DOWN,1
2026-05-28T12:25:00+00:00,2026-05-28T12:29:59.999000+00:00,73265.04,73378.41,+0.1547,UP,1
2026-05-28T12:30:00+00:00,2026-05-28T12:34:59.999000+00:00,73378.41,73475.13,+0.1318,UP,1
2026-05-28T12:35:00+00:00,2026-05-28T12:39:59.999000+00:00,73475.13,73486.50,+0.0155,UP,1
2026-05-28T12:40:00+00:00,2026-05-28T12:44:59.999000+00:00,73486.50,73487.27,+0.0010,UP,1
2026-05-28T12:45:00+00:00,2026-05-28T12:49:59.999000+00:00,73487.27,73549.63,+0.0849,UP,1
2026-05-28T12:50:00+00:00,2026-05-28T12:54:59.999000+00:00,73549.63,73530.00,-0.0267,DOWN,1
2026-05-28T12:55:00+00:00,2026-05-28T12:59:59.999000+00:00,73530.00,73518.01,-0.0163,DOWN,1
2026-05-28T13:00:00+00:00,2026-05-28T13:04:59.999000+00:00,73518.01,73494.62,-0.0318,DOWN,1
2026-05-28T13:05:00+00:00,2026-05-28T13:09:59.999000+00:00,73494.63,73360.37,-0.1827,DOWN,1
2026-05-28T13:10:00+00:00,2026-05-28T13:14:59.999000+00:00,73360.37,73338.35,-0.0300,DOWN,1
2026-05-28T13:15:00+00:00,2026-05-28T13:19:59.999000+00:00,73338.35,73240.19,-0.1338,DOWN,1
2026-05-28T13:20:00+00:00,2026-05-28T13:24:59.999000+00:00,73240.01,73183.80,-0.0767,DOWN,1
2026-05-28T13:25:00+00:00,2026-05-28T13:29:59.999000+00:00,73183.80,73160.52,-0.0318,DOWN,1
2026-05-28T13:30:00+00:00,2026-05-28T13:34:59.999000+00:00,73160.53,72958.01,-0.2768,DOWN,1
2026-05-28T13:35:00+00:00,2026-05-28T13:39:59.999000+00:00,72958.01,72909.57,-0.0664,DOWN,1
2026-05-28T13:40:00+00:00,2026-05-28T13:44:59.999000+00:00,72909.57,72785.20,-0.1706,DOWN,1
2026-05-28T13:45:00+00:00,2026-05-28T13:49:59.999000+00:00,72785.20,72902.12,+0.1606,UP,1
2026-05-28T13:50:00+00:00,2026-05-28T13:54:59.999000+00:00,72902.13,72992.65,+0.1242,UP,1
2026-05-28T13:55:00+00:00,2026-05-28T13:59:59.999000+00:00,72992.65,73022.02,+0.0402,UP,1
2026-05-28T14:00:00+00:00,2026-05-28T14:04:59.999000+00:00,73022.01,72890.58,-0.1800,DOWN,1
2026-05-28T14:05:00+00:00,2026-05-28T14:09:59.999000+00:00,72890.57,72868.46,-0.0303,DOWN,1
2026-05-28T14:10:00+00:00,2026-05-28T14:14:59.999000+00:00,72868.46,73314.62,+0.6123,UP,1
2026-05-28T14:15:00+00:00,2026-05-28T14:19:59.999000+00:00,73314.35,73479.57,+0.2254,UP,1
2026-05-28T14:20:00+00:00,2026-05-28T14:24:59.999000+00:00,73479.58,73033.38,-0.6072,DOWN,1
2026-05-28T14:25:00+00:00,2026-05-28T14:29:59.999000+00:00,73033.38,72965.07,-0.0935,DOWN,1
2026-05-28T14:30:00+00:00,2026-05-28T14:34:59.999000+00:00,72965.08,72932.21,-0.0450,DOWN,1
2026-05-28T14:35:00+00:00,2026-05-28T14:39:59.999000+00:00,72932.20,72908.08,-0.0331,DOWN,1
2026-05-28T14:40:00+00:00,2026-05-28T14:44:59.999000+00:00,72908.07,72855.80,-0.0717,DOWN,1
2026-05-28T14:45:00+00:00,2026-05-28T14:49:59.999000+00:00,72855.79,72808.74,-0.0646,DOWN,1
2026-05-28T14:50:00+00:00,2026-05-28T14:54:59.999000+00:00,72808.74,72959.14,+0.2066,UP,1
2026-05-28T14:55:00+00:00,2026-05-28T14:59:59.999000+00:00,72959.14,73033.06,+0.1013,UP,1
2026-05-28T15:00:00+00:00,2026-05-28T15:04:59.999000+00:00,73033.06,73007.99,-0.0343,DOWN,1
2026-05-28T15:05:00+00:00,2026-05-28T15:09:59.999000+00:00,73008.00,72995.86,-0.0166,DOWN,1
2026-05-28T15:10:00+00:00,2026-05-28T15:14:59.999000+00:00,72995.86,72861.93,-0.1835,DOWN,1
2026-05-28T15:15:00+00:00,2026-05-28T15:19:59.999000+00:00,72861.93,72762.75,-0.1361,DOWN,1
2026-05-28T15:20:00+00:00,2026-05-28T15:24:59.999000+00:00,72762.75,72868.00,+0.1446,UP,1
2026-05-28T15:25:00+00:00,2026-05-28T15:29:59.999000+00:00,72868.01,72968.35,+0.1377,UP,1
2026-05-28T15:30:00+00:00,2026-05-28T15:34:59.999000+00:00,72968.36,72861.03,-0.1471,DOWN,1
2026-05-28T15:35:00+00:00,2026-05-28T15:39:59.999000+00:00,72861.02,72873.94,+0.0177,UP,1
2026-05-28T15:40:00+00:00,2026-05-28T15:44:59.999000+00:00,72873.95,73013.39,+0.1913,UP,1
2026-05-28T15:45:00+00:00,2026-05-28T15:49:59.999000+00:00,73013.38,72910.71,-0.1406,DOWN,1
2026-05-28T15:50:00+00:00,2026-05-28T15:54:59.999000+00:00,72910.72,72905.62,-0.0070,DOWN,1
2026-05-28T15:55:00+00:00,2026-05-28T15:59:59.999000+00:00,72905.62,72928.73,+0.0317,UP,1
2026-05-28T16:00:00+00:00,2026-05-28T16:04:59.999000+00:00,72928.73,72786.15,-0.1955,DOWN,1
2026-05-28T16:05:00+00:00,2026-05-28T16:09:59.999000+00:00,72786.15,72905.14,+0.1635,UP,1
2026-05-28T16:10:00+00:00,2026-05-28T16:14:59.999000+00:00,72905.14,73109.55,+0.2804,UP,1
2026-05-28T16:15:00+00:00,2026-05-28T16:19:59.999000+00:00,73109.55,73143.24,+0.0461,UP,1
2026-05-28T16:20:00+00:00,2026-05-28T16:24:59.999000+00:00,73143.25,73261.99,+0.1623,UP,1
2026-05-28T16:25:00+00:00,2026-05-28T16:29:59.999000+00:00,73261.99,73150.02,-0.1528,DOWN,1
2026-05-28T16:30:00+00:00,2026-05-28T16:34:59.999000+00:00,73150.02,73229.05,+0.1080,UP,1
2026-05-28T16:35:00+00:00,2026-05-28T16:39:59.999000+00:00,73229.06,73237.57,+0.0116,UP,1
2026-05-28T16:40:00+00:00,2026-05-28T16:44:59.999000+00:00,73237.58,73357.72,+0.1640,UP,1
2026-05-28T16:45:00+00:00,2026-05-28T16:49:59.999000+00:00,73357.72,73312.94,-0.0610,DOWN,1
2026-05-28T16:50:00+00:00,2026-05-28T16:54:59.999000+00:00,73312.94,73402.00,+0.1215,UP,1
2026-05-28T16:55:00+00:00,2026-05-28T16:59:59.999000+00:00,73402.01,73440.67,+0.0527,UP,1
2026-05-28T17:00:00+00:00,2026-05-28T17:04:59.999000+00:00,73440.66,73353.51,-0.1187,DOWN,1
2026-05-28T17:05:00+00:00,2026-05-28T17:09:59.999000+00:00,73353.52,73478.00,+0.1697,UP,1
2026-05-28T17:10:00+00:00,2026-05-28T17:14:59.999000+00:00,73478.00,73485.81,+0.0106,UP,1
2026-05-28T17:15:00+00:00,2026-05-28T17:19:59.999000+00:00,73485.81,73470.05,-0.0214,DOWN,1
2026-05-28T17:20:00+00:00,2026-05-28T17:24:59.999000+00:00,73470.05,73404.00,-0.0899,DOWN,1
2026-05-28T17:25:00+00:00,2026-05-28T17:29:59.999000+00:00,73404.00,73364.00,-0.0545,DOWN,1
2026-05-28T17:30:00+00:00,2026-05-28T17:34:59.999000+00:00,73364.01,73488.35,+0.1695,UP,1
2026-05-28T17:35:00+00:00,2026-05-28T17:39:59.999000+00:00,73488.35,73520.00,+0.0431,UP,1
2026-05-28T17:40:00+00:00,2026-05-28T17:44:59.999000+00:00,73520.00,73470.91,-0.0668,DOWN,1
2026-05-28T17:45:00+00:00,2026-05-28T17:49:59.999000+00:00,73470.91,73644.59,+0.2364,UP,1
2026-05-28T17:50:00+00:00,2026-05-28T17:54:59.999000+00:00,73644.59,73532.00,-0.1529,DOWN,1
2026-05-28T17:55:00+00:00,2026-05-28T17:59:59.999000+00:00,73532.00,73554.82,+0.0310,UP,1
2026-05-28T18:00:00+00:00,2026-05-28T18:04:59.999000+00:00,73554.81,73608.00,+0.0723,UP,1
2026-05-28T18:05:00+00:00,2026-05-28T18:09:59.999000+00:00,73608.01,73692.29,+0.1145,UP,1
2026-05-28T18:10:00+00:00,2026-05-28T18:14:59.999000+00:00,73692.30,73638.76,-0.0727,DOWN,1
2026-05-28T18:15:00+00:00,2026-05-28T18:19:59.999000+00:00,73638.75,73603.88,-0.0474,DOWN,1
2026-05-28T18:20:00+00:00,2026-05-28T18:24:59.999000+00:00,73603.88,73636.00,+0.0436,UP,1
2026-05-28T18:25:00+00:00,2026-05-28T18:29:59.999000+00:00,73635.99,73588.87,-0.0640,DOWN,1
2026-05-28T18:30:00+00:00,2026-05-28T18:34:59.999000+00:00,73588.88,73663.99,+0.1021,UP,1
2026-05-28T18:35:00+00:00,2026-05-28T18:39:59.999000+00:00,73663.04,73595.96,-0.0911,DOWN,1
2026-05-28T18:40:00+00:00,2026-05-28T18:44:59.999000+00:00,73595.97,73602.00,+0.0082,UP,1
2026-05-28T18:45:00+00:00,2026-05-28T18:49:59.999000+00:00,73602.00,73613.31,+0.0154,UP,1
2026-05-28T18:50:00+00:00,2026-05-28T18:54:59.999000+00:00,73613.30,73672.01,+0.0798,UP,1
2026-05-28T18:55:00+00:00,2026-05-28T18:59:59.999000+00:00,73672.00,73652.88,-0.0260,DOWN,1
2026-05-28T19:00:00+00:00,2026-05-28T19:04:59.999000+00:00,73652.87,73535.78,-0.1590,DOWN,1
2026-05-28T19:05:00+00:00,2026-05-28T19:09:59.999000+00:00,73535.79,73500.01,-0.0487,DOWN,1
2026-05-28T19:10:00+00:00,2026-05-28T19:14:59.999000+00:00,73500.00,73482.25,-0.0241,DOWN,1
2026-05-28T19:15:00+00:00,2026-05-28T19:19:59.999000+00:00,73482.25,73489.99,+0.0105,UP,1
2026-05-28T19:20:00+00:00,2026-05-28T19:24:59.999000+00:00,73490.00,73512.82,+0.0311,UP,1
2026-05-28T19:25:00+00:00,2026-05-28T19:29:59.999000+00:00,73512.82,73559.99,+0.0642,UP,1
2026-05-28T19:30:00+00:00,2026-05-28T19:34:59.999000+00:00,73560.00,73475.44,-0.1150,DOWN,1
2026-05-28T19:35:00+00:00,2026-05-28T19:39:59.999000+00:00,73475.43,73436.01,-0.0537,DOWN,1
2026-05-28T19:40:00+00:00,2026-05-28T19:44:59.999000+00:00,73436.01,73434.69,-0.0018,DOWN,1
2026-05-28T19:45:00+00:00,2026-05-28T19:49:59.999000+00:00,73434.68,73502.22,+0.0920,UP,1
2026-05-28T19:50:00+00:00,2026-05-28T19:54:59.999000+00:00,73502.22,73464.95,-0.0507,DOWN,1
2026-05-28T19:55:00+00:00,2026-05-28T19:59:59.999000+00:00,73464.95,73419.32,-0.0621,DOWN,1
2026-05-28T20:00:00+00:00,2026-05-28T20:04:59.999000+00:00,73419.31,73360.82,-0.0797,DOWN,1
2026-05-28T20:05:00+00:00,2026-05-28T20:09:59.999000+00:00,73360.82,73321.30,-0.0539,DOWN,1
2026-05-28T20:10:00+00:00,2026-05-28T20:14:59.999000+00:00,73321.29,73443.82,+0.1671,UP,1
2026-05-28T20:15:00+00:00,2026-05-28T20:19:59.999000+00:00,73443.81,73570.00,+0.1718,UP,1
2026-05-28T20:20:00+00:00,2026-05-28T20:24:59.999000+00:00,73570.00,73598.38,+0.0386,UP,1
2026-05-28T20:25:00+00:00,2026-05-28T20:29:59.999000+00:00,73598.39,73647.40,+0.0666,UP,1
2026-05-28T20:30:00+00:00,2026-05-28T20:34:59.999000+00:00,73647.39,73626.10,-0.0289,DOWN,1
2026-05-28T20:35:00+00:00,2026-05-28T20:39:59.999000+00:00,73626.10,73666.19,+0.0545,UP,1
2026-05-28T20:40:00+00:00,2026-05-28T20:44:59.999000+00:00,73666.19,73702.00,+0.0486,UP,1
2026-05-28T20:45:00+00:00,2026-05-28T20:49:59.999000+00:00,73702.00,73682.56,-0.0264,DOWN,1
2026-05-28T20:50:00+00:00,2026-05-28T20:54:59.999000+00:00,73682.57,73660.13,-0.0305,DOWN,1
2026-05-28T20:55:00+00:00,2026-05-28T20:59:59.999000+00:00,73660.13,73579.99,-0.1088,DOWN,1
2026-05-28T21:00:00+00:00,2026-05-28T21:04:59.999000+00:00,73580.00,73568.01,-0.0163,DOWN,1
2026-05-28T21:05:00+00:00,2026-05-28T21:09:59.999000+00:00,73568.01,73640.01,+0.0979,UP,1
2026-05-28T21:10:00+00:00,2026-05-28T21:14:59.999000+00:00,73640.01,73694.32,+0.0738,UP,1
2026-05-28T21:15:00+00:00,2026-05-28T21:19:59.999000+00:00,73694.31,73670.76,-0.0320,DOWN,1
2026-05-28T21:20:00+00:00,2026-05-28T21:24:59.999000+00:00,73670.75,73745.34,+0.1012,UP,1
2026-05-28T21:25:00+00:00,2026-05-28T21:29:59.999000+00:00,73745.34,73693.61,-0.0701,DOWN,1
2026-05-28T21:30:00+00:00,2026-05-28T21:34:59.999000+00:00,73693.61,73735.45,+0.0568,UP,1
2026-05-28T21:35:00+00:00,2026-05-28T21:39:59.999000+00:00,73735.46,73793.05,+0.0781,UP,1
2026-05-28T21:40:00+00:00,2026-05-28T21:44:59.999000+00:00,73793.05,73908.00,+0.1558,UP,1
2026-05-28T21:45:00+00:00,2026-05-28T21:49:59.999000+00:00,73907.99,73831.11,-0.1040,DOWN,1
2026-05-28T21:50:00+00:00,2026-05-28T21:54:59.999000+00:00,73831.12,73840.02,+0.0121,UP,1
2026-05-28T21:55:00+00:00,2026-05-28T21:59:59.999000+00:00,73840.02,73817.31,-0.0308,DOWN,1
2026-05-28T22:00:00+00:00,2026-05-28T22:04:59.999000+00:00,73817.31,73773.10,-0.0599,DOWN,1
2026-05-28T22:05:00+00:00,2026-05-28T22:09:59.999000+00:00,73773.10,73760.02,-0.0177,DOWN,1
2026-05-28T22:10:00+00:00,2026-05-28T22:14:59.999000+00:00,73760.03,73711.99,-0.0651,DOWN,1
2026-05-28T22:15:00+00:00,2026-05-28T22:19:59.999000+00:00,73711.99,73680.01,-0.0434,DOWN,1
2026-05-28T22:20:00+00:00,2026-05-28T22:24:59.999000+00:00,73680.01,73696.49,+0.0224,UP,1
2026-05-28T22:25:00+00:00,2026-05-28T22:29:59.999000+00:00,73696.48,73614.01,-0.1119,DOWN,1
2026-05-28T22:30:00+00:00,2026-05-28T22:34:59.999000+00:00,73614.00,73569.55,-0.0604,DOWN,1
2026-05-28T22:35:00+00:00,2026-05-28T22:39:59.999000+00:00,73569.55,73548.89,-0.0281,DOWN,1
2026-05-28T22:40:00+00:00,2026-05-28T22:44:59.999000+00:00,73548.89,73500.73,-0.0655,DOWN,1
2026-05-28T22:45:00+00:00,2026-05-28T22:49:59.999000+00:00,73500.73,73568.30,+0.0919,UP,1
2026-05-28T22:50:00+00:00,2026-05-28T22:54:59.999000+00:00,73568.30,73510.86,-0.0781,DOWN,1
2026-05-28T22:55:00+00:00,2026-05-28T22:59:59.999000+00:00,73510.85,73464.80,-0.0626,DOWN,1
2026-05-28T23:00:00+00:00,2026-05-28T23:04:59.999000+00:00,73464.80,73542.74,+0.1061,UP,1
2026-05-28T23:05:00+00:00,2026-05-28T23:09:59.999000+00:00,73542.74,73570.01,+0.0371,UP,1
2026-05-28T23:10:00+00:00,2026-05-28T23:14:59.999000+00:00,73570.00,73597.05,+0.0368,UP,1
2026-05-28T23:15:00+00:00,2026-05-28T23:19:59.999000+00:00,73597.06,73609.89,+0.0174,UP,1
2026-05-28T23:20:00+00:00,2026-05-28T23:24:59.999000+00:00,73609.90,73589.50,-0.0277,DOWN,1
2026-05-28T23:25:00+00:00,2026-05-28T23:29:59.999000+00:00,73589.50,73684.18,+0.1287,UP,1
2026-05-28T23:30:00+00:00,2026-05-28T23:34:59.999000+00:00,73684.18,73670.43,-0.0187,DOWN,1
2026-05-28T23:35:00+00:00,2026-05-28T23:39:59.999000+00:00,73670.44,73596.04,-0.1010,DOWN,1
2026-05-28T23:40:00+00:00,2026-05-28T23:44:59.999000+00:00,73596.04,73599.18,+0.0043,UP,1
2026-05-28T23:45:00+00:00,2026-05-28T23:49:59.999000+00:00,73599.18,73537.95,-0.0832,DOWN,1
2026-05-28T23:50:00+00:00,2026-05-28T23:54:59.999000+00:00,73537.95,73568.67,+0.0418,UP,1
2026-05-28T23:55:00+00:00,2026-05-28T23:59:59.999000+00:00,73568.67,73617.51,+0.0664,UP,1
2026-05-29T00:00:00+00:00,2026-05-29T00:04:59.999000+00:00,73617.52,73666.03,+0.0659,UP,1
2026-05-29T00:05:00+00:00,2026-05-29T00:09:59.999000+00:00,73666.03,73694.32,+0.0384,UP,1
2026-05-29T00:10:00+00:00,2026-05-29T00:14:59.999000+00:00,73694.31,73745.47,+0.0694,UP,1
2026-05-29T00:15:00+00:00,2026-05-29T00:19:59.999000+00:00,73745.48,73780.72,+0.0478,UP,1
2026-05-29T00:20:00+00:00,2026-05-29T00:24:59.999000+00:00,73780.72,73837.09,+0.0764,UP,1
2026-05-29T00:25:00+00:00,2026-05-29T00:29:59.999000+00:00,73837.09,73778.00,-0.0800,DOWN,1
2026-05-29T00:30:00+00:00,2026-05-29T00:34:59.999000+00:00,73778.01,73754.31,-0.0321,DOWN,1
2026-05-29T00:35:00+00:00,2026-05-29T00:39:59.999000+00:00,73754.30,73845.93,+0.1242,UP,1
2026-05-29T00:40:00+00:00,2026-05-29T00:44:59.999000+00:00,73845.92,73849.45,+0.0048,UP,1
2026-05-29T00:45:00+00:00,2026-05-29T00:49:59.999000+00:00,73849.45,73758.01,-0.1238,DOWN,1
2026-05-29T00:50:00+00:00,2026-05-29T00:54:59.999000+00:00,73758.01,73710.26,-0.0647,DOWN,1
2026-05-29T00:55:00+00:00,2026-05-29T00:59:59.999000+00:00,73710.25,73716.37,+0.0083,UP,1
2026-05-29T01:00:00+00:00,2026-05-29T01:04:59.999000+00:00,73716.37,73786.00,+0.0945,UP,1
2026-05-29T01:05:00+00:00,2026-05-29T01:09:59.999000+00:00,73786.01,73860.00,+0.1003,UP,1
2026-05-29T01:10:00+00:00,2026-05-29T01:14:59.999000+00:00,73860.00,73778.98,-0.1097,DOWN,1
2026-05-29T01:15:00+00:00,2026-05-29T01:19:59.999000+00:00,73778.99,73702.00,-0.1044,DOWN,1
2026-05-29T01:20:00+00:00,2026-05-29T01:24:59.999000+00:00,73701.99,73611.06,-0.1234,DOWN,1
2026-05-29T01:25:00+00:00,2026-05-29T01:29:59.999000+00:00,73610.45,73591.64,-0.0256,DOWN,1
2026-05-29T01:30:00+00:00,2026-05-29T01:34:59.999000+00:00,73591.64,73583.14,-0.0116,DOWN,1
2026-05-29T01:35:00+00:00,2026-05-29T01:39:59.999000+00:00,73583.15,73500.00,-0.1130,DOWN,1
2026-05-29T01:40:00+00:00,2026-05-29T01:44:59.999000+00:00,73500.00,73526.01,+0.0354,UP,1
2026-05-29T01:45:00+00:00,2026-05-29T01:49:59.999000+00:00,73526.01,73463.53,-0.0850,DOWN,1
2026-05-29T01:50:00+00:00,2026-05-29T01:54:59.999000+00:00,73463.53,73600.00,+0.1858,UP,1
2026-05-29T01:55:00+00:00,2026-05-29T01:59:59.999000+00:00,73600.00,73586.83,-0.0179,DOWN,1
2026-05-29T02:00:00+00:00,2026-05-29T02:04:59.999000+00:00,73586.83,73604.40,+0.0239,UP,1
2026-05-29T02:05:00+00:00,2026-05-29T02:09:59.999000+00:00,73604.40,73620.01,+0.0212,UP,1
2026-05-29T02:10:00+00:00,2026-05-29T02:14:59.999000+00:00,73620.00,73623.19,+0.0043,UP,1
2026-05-29T02:15:00+00:00,2026-05-29T02:19:59.999000+00:00,73623.19,73630.01,+0.0093,UP,1
2026-05-29T02:20:00+00:00,2026-05-29T02:24:59.999000+00:00,73630.00,73483.15,-0.1994,DOWN,1
2026-05-29T02:25:00+00:00,2026-05-29T02:29:59.999000+00:00,73483.14,73388.22,-0.1292,DOWN,1
2026-05-29T02:30:00+00:00,2026-05-29T02:34:59.999000+00:00,73388.22,73470.09,+0.1116,UP,1
2026-05-29T02:35:00+00:00,2026-05-29T02:39:59.999000+00:00,73470.09,73459.00,-0.0151,DOWN,1
2026-05-29T02:40:00+00:00,2026-05-29T02:44:59.999000+00:00,73459.00,73340.09,-0.1619,DOWN,1
2026-05-29T02:45:00+00:00,2026-05-29T02:49:59.999000+00:00,73340.10,73371.03,+0.0422,UP,1
2026-05-29T02:50:00+00:00,2026-05-29T02:54:59.999000+00:00,73371.02,73250.00,-0.1649,DOWN,1
2026-05-29T02:55:00+00:00,2026-05-29T02:59:59.999000+00:00,73250.00,73225.06,-0.0340,DOWN,1
2026-05-29T03:00:00+00:00,2026-05-29T03:04:59.999000+00:00,73225.07,73290.50,+0.0894,UP,1
2026-05-29T03:05:00+00:00,2026-05-29T03:09:59.999000+00:00,73290.51,73447.70,+0.2145,UP,1
2026-05-29T03:10:00+00:00,2026-05-29T03:14:59.999000+00:00,73447.70,73446.97,-0.0010,DOWN,1
2026-05-29T03:15:00+00:00,2026-05-29T03:19:59.999000+00:00,73446.97,73430.38,-0.0226,DOWN,1
2026-05-29T03:20:00+00:00,2026-05-29T03:24:59.999000+00:00,73430.38,73409.11,-0.0290,DOWN,1
2026-05-29T03:25:00+00:00,2026-05-29T03:29:59.999000+00:00,73409.11,73394.25,-0.0202,DOWN,1
2026-05-29T03:30:00+00:00,2026-05-29T03:34:59.999000+00:00,73394.25,73427.75,+0.0456,UP,1
2026-05-29T03:35:00+00:00,2026-05-29T03:39:59.999000+00:00,73427.75,73321.06,-0.1453,DOWN,1
2026-05-29T03:40:00+00:00,2026-05-29T03:44:59.999000+00:00,73321.06,73365.51,+0.0606,UP,1
2026-05-29T03:45:00+00:00,2026-05-29T03:49:59.999000+00:00,73365.52,73346.84,-0.0255,DOWN,1
2026-05-29T03:50:00+00:00,2026-05-29T03:54:59.999000+00:00,73346.84,73315.42,-0.0428,DOWN,1
2026-05-29T03:55:00+00:00,2026-05-29T03:59:59.999000+00:00,73315.42,73301.52,-0.0190,DOWN,1
2026-05-29T04:00:00+00:00,2026-05-29T04:04:59.999000+00:00,73301.53,73370.00,+0.0934,UP,1
2026-05-29T04:05:00+00:00,2026-05-29T04:09:59.999000+00:00,73370.01,73228.89,-0.1923,DOWN,1
2026-05-29T04:10:00+00:00,2026-05-29T04:14:59.999000+00:00,73228.90,73227.75,-0.0016,DOWN,1
2026-05-29T04:15:00+00:00,2026-05-29T04:19:59.999000+00:00,73227.75,73257.63,+0.0408,UP,1
2026-05-29T04:20:00+00:00,2026-05-29T04:24:59.999000+00:00,73257.62,73313.00,+0.0756,UP,1
2026-05-29T04:25:00+00:00,2026-05-29T04:29:59.999000+00:00,73313.00,73373.85,+0.0830,UP,1
2026-05-29T04:30:00+00:00,2026-05-29T04:34:59.999000+00:00,73373.85,73390.45,+0.0226,UP,1
2026-05-29T04:35:00+00:00,2026-05-29T04:39:59.999000+00:00,73390.45,73412.01,+0.0294,UP,1
2026-05-29T04:40:00+00:00,2026-05-29T04:44:59.999000+00:00,73412.01,73418.01,+0.0082,UP,1
2026-05-29T04:45:00+00:00,2026-05-29T04:49:59.999000+00:00,73418.01,73444.89,+0.0366,UP,1
2026-05-29T04:50:00+00:00,2026-05-29T04:54:59.999000+00:00,73444.90,73463.01,+0.0247,UP,1
2026-05-29T04:55:00+00:00,2026-05-29T04:59:59.999000+00:00,73463.01,73507.69,+0.0608,UP,1
2026-05-29T05:00:00+00:00,2026-05-29T05:04:59.999000+00:00,73507.68,73579.00,+0.0970,UP,1
2026-05-29T05:05:00+00:00,2026-05-29T05:09:59.999000+00:00,73579.00,73606.89,+0.0379,UP,1
2026-05-29T05:10:00+00:00,2026-05-29T05:14:59.999000+00:00,73606.89,73597.35,-0.0130,DOWN,1
2026-05-29T05:15:00+00:00,2026-05-29T05:19:59.999000+00:00,73597.36,73620.00,+0.0308,UP,1
2026-05-29T05:20:00+00:00,2026-05-29T05:24:59.999000+00:00,73620.00,73552.02,-0.0923,DOWN,1
2026-05-29T05:25:00+00:00,2026-05-29T05:29:59.999000+00:00,73552.02,73582.92,+0.0420,UP,1
2026-05-29T05:30:00+00:00,2026-05-29T05:34:59.999000+00:00,73582.93,73516.65,-0.0901,DOWN,1
2026-05-29T05:35:00+00:00,2026-05-29T05:39:59.999000+00:00,73516.64,73522.89,+0.0085,UP,1
2026-05-29T05:40:00+00:00,2026-05-29T05:44:59.999000+00:00,73522.88,73512.00,-0.0148,DOWN,1
2026-05-29T05:45:00+00:00,2026-05-29T05:49:59.999000+00:00,73511.99,73681.32,+0.2303,UP,1
2026-05-29T05:50:00+00:00,2026-05-29T05:54:59.999000+00:00,73681.31,73667.30,-0.0190,DOWN,1
2026-05-29T05:55:00+00:00,2026-05-29T05:59:59.999000+00:00,73667.30,73706.00,+0.0525,UP,1
2026-05-29T06:00:00+00:00,2026-05-29T06:04:59.999000+00:00,73706.00,73694.00,-0.0163,DOWN,1
2026-05-29T06:05:00+00:00,2026-05-29T06:09:59.999000+00:00,73694.00,73660.73,-0.0451,DOWN,1
2026-05-29T06:10:00+00:00,2026-05-29T06:14:59.999000+00:00,73660.73,73700.00,+0.0533,UP,1
2026-05-29T06:15:00+00:00,2026-05-29T06:19:59.999000+00:00,73700.01,73776.00,+0.1031,UP,1
2026-05-29T06:20:00+00:00,2026-05-29T06:24:59.999000+00:00,73776.00,73836.32,+0.0818,UP,1
2026-05-29T06:25:00+00:00,2026-05-29T06:29:59.999000+00:00,73836.32,73772.03,-0.0871,DOWN,1
2026-05-29T06:30:00+00:00,2026-05-29T06:34:59.999000+00:00,73772.04,73711.21,-0.0825,DOWN,1
2026-05-29T06:35:00+00:00,2026-05-29T06:39:59.999000+00:00,73711.21,73683.46,-0.0376,DOWN,1
2026-05-29T06:40:00+00:00,2026-05-29T06:44:59.999000+00:00,73683.47,73702.55,+0.0259,UP,1
2026-05-29T06:45:00+00:00,2026-05-29T06:49:59.999000+00:00,73702.55,73746.01,+0.0590,UP,1
2026-05-29T06:50:00+00:00,2026-05-29T06:54:59.999000+00:00,73746.01,73780.01,+0.0461,UP,1
2026-05-29T06:55:00+00:00,2026-05-29T06:59:59.999000+00:00,73780.00,73786.32,+0.0086,UP,1
2026-05-29T07:00:00+00:00,2026-05-29T07:04:59.999000+00:00,73786.32,73776.00,-0.0140,DOWN,1
2026-05-29T07:05:00+00:00,2026-05-29T07:09:59.999000+00:00,73776.01,73764.62,-0.0154,DOWN,1
2026-05-29T07:10:00+00:00,2026-05-29T07:14:59.999000+00:00,73764.62,73816.00,+0.0697,UP,1
2026-05-29T07:15:00+00:00,2026-05-29T07:19:59.999000+00:00,73816.00,73830.01,+0.0190,UP,1
2026-05-29T07:20:00+00:00,2026-05-29T07:24:59.999000+00:00,73830.00,73802.62,-0.0371,DOWN,1
2026-05-29T07:25:00+00:00,2026-05-29T07:29:59.999000+00:00,73802.61,73770.33,-0.0437,DOWN,1
2026-05-29T07:30:00+00:00,2026-05-29T07:34:59.999000+00:00,73770.32,73534.68,-0.3194,DOWN,1
2026-05-29T07:35:00+00:00,2026-05-29T07:39:59.999000+00:00,73534.68,73491.19,-0.0591,DOWN,1
2026-05-29T07:40:00+00:00,2026-05-29T07:44:59.999000+00:00,73491.18,73407.79,-0.1135,DOWN,1
2026-05-29T07:45:00+00:00,2026-05-29T07:49:59.999000+00:00,73407.78,73398.47,-0.0127,DOWN,1
2026-05-29T07:50:00+00:00,2026-05-29T07:54:59.999000+00:00,73398.47,73394.23,-0.0058,DOWN,1
2026-05-29T07:55:00+00:00,2026-05-29T07:59:59.999000+00:00,73394.23,73528.56,+0.1830,UP,1
2026-05-29T08:00:00+00:00,2026-05-29T08:04:59.999000+00:00,73528.55,73667.11,+0.1884,UP,1
2026-05-29T08:05:00+00:00,2026-05-29T08:09:59.999000+00:00,73667.11,73710.19,+0.0585,UP,1
2026-05-29T08:10:00+00:00,2026-05-29T08:14:59.999000+00:00,73710.19,73718.00,+0.0106,UP,1
2026-05-29T08:15:00+00:00,2026-05-29T08:19:59.999000+00:00,73717.99,73704.06,-0.0189,DOWN,1
2026-05-29T08:20:00+00:00,2026-05-29T08:24:59.999000+00:00,73704.07,73784.00,+0.1084,UP,1
2026-05-29T08:25:00+00:00,2026-05-29T08:29:59.999000+00:00,73784.01,73787.98,+0.0054,UP,1
2026-05-29T08:30:00+00:00,2026-05-29T08:34:59.999000+00:00,73787.98,73808.36,+0.0276,UP,1
2026-05-29T08:35:00+00:00,2026-05-29T08:39:59.999000+00:00,73808.35,73807.80,-0.0007,DOWN,1
2026-05-29T08:40:00+00:00,2026-05-29T08:44:59.999000+00:00,73807.79,73818.37,+0.0143,UP,1
2026-05-29T08:45:00+00:00,2026-05-29T08:49:59.999000+00:00,73818.37,73722.15,-0.1303,DOWN,1
2026-05-29T08:50:00+00:00,2026-05-29T08:54:59.999000+00:00,73722.16,73703.41,-0.0254,DOWN,1
2026-05-29T08:55:00+00:00,2026-05-29T08:59:59.999000+00:00,73703.42,73653.40,-0.0679,DOWN,1
2026-05-29T09:00:00+00:00,2026-05-29T09:04:59.999000+00:00,73653.40,73659.80,+0.0087,UP,1
2026-05-29T09:05:00+00:00,2026-05-29T09:09:59.999000+00:00,73659.79,73755.99,+0.1306,UP,1
2026-05-29T09:10:00+00:00,2026-05-29T09:14:59.999000+00:00,73755.99,73816.70,+0.0823,UP,1
2026-05-29T09:15:00+00:00,2026-05-29T09:19:59.999000+00:00,73816.70,73866.51,+0.0675,UP,1
2026-05-29T09:20:00+00:00,2026-05-29T09:24:59.999000+00:00,73866.51,73876.24,+0.0132,UP,1
2026-05-29T09:25:00+00:00,2026-05-29T09:29:59.999000+00:00,73876.24,73887.03,+0.0146,UP,1
2026-05-29T09:30:00+00:00,2026-05-29T09:34:59.999000+00:00,73887.03,73848.00,-0.0528,DOWN,1
2026-05-29T09:35:00+00:00,2026-05-29T09:39:59.999000+00:00,73848.00,73856.62,+0.0117,UP,1
2026-05-29T09:40:00+00:00,2026-05-29T09:44:59.999000+00:00,73856.61,73831.75,-0.0337,DOWN,1
2026-05-29T09:45:00+00:00,2026-05-29T09:49:59.999000+00:00,73831.74,73754.56,-0.1045,DOWN,1
2026-05-29T09:50:00+00:00,2026-05-29T09:54:59.999000+00:00,73754.57,73748.21,-0.0086,DOWN,1
2026-05-29T09:55:00+00:00,2026-05-29T09:59:59.999000+00:00,73748.22,73744.96,-0.0044,DOWN,1
2026-05-29T10:00:00+00:00,2026-05-29T10:04:59.999000+00:00,73744.96,73681.47,-0.0861,DOWN,1
2026-05-29T10:05:00+00:00,2026-05-29T10:09:59.999000+00:00,73681.46,73676.90,-0.0062,DOWN,1
2026-05-29T10:10:00+00:00,2026-05-29T10:14:59.999000+00:00,73676.89,73703.86,+0.0366,UP,1
2026-05-29T10:15:00+00:00,2026-05-29T10:19:59.999000+00:00,73703.87,73658.15,-0.0620,DOWN,1
2026-05-29T10:20:00+00:00,2026-05-29T10:24:59.999000+00:00,73658.16,73651.90,-0.0085,DOWN,1
2026-05-29T10:25:00+00:00,2026-05-29T10:29:59.999000+00:00,73651.90,73624.03,-0.0378,DOWN,1
2026-05-29T10:30:00+00:00,2026-05-29T10:34:59.999000+00:00,73624.03,73624.03,+0.0000,UP,1
2026-05-29T10:35:00+00:00,2026-05-29T10:39:59.999000+00:00,73624.04,73702.98,+0.1072,UP,1
2026-05-29T10:40:00+00:00,2026-05-29T10:44:59.999000+00:00,73702.99,73618.21,-0.1150,DOWN,1
2026-05-29T10:45:00+00:00,2026-05-29T10:49:59.999000+00:00,73618.21,73651.47,+0.0452,UP,1
2026-05-29T10:50:00+00:00,2026-05-29T10:54:59.999000+00:00,73651.47,73654.00,+0.0034,UP,1
2026-05-29T10:55:00+00:00,2026-05-29T10:59:59.999000+00:00,73654.00,73634.64,-0.0263,DOWN,1
2026-05-29T11:00:00+00:00,2026-05-29T11:04:59.999000+00:00,73634.64,73638.93,+0.0058,UP,1
2026-05-29T11:05:00+00:00,2026-05-29T11:09:59.999000+00:00,73638.93,73627.22,-0.0159,DOWN,1
2026-05-29T11:10:00+00:00,2026-05-29T11:14:59.999000+00:00,73627.21,73652.81,+0.0348,UP,1
2026-05-29T11:15:00+00:00,2026-05-29T11:19:59.999000+00:00,73652.82,73666.01,+0.0179,UP,1
2026-05-29T11:20:00+00:00,2026-05-29T11:24:59.999000+00:00,73666.02,73686.00,+0.0271,UP,1
2026-05-29T11:25:00+00:00,2026-05-29T11:29:59.999000+00:00,73685.99,73571.64,-0.1552,DOWN,1
2026-05-29T11:30:00+00:00,2026-05-29T11:34:59.999000+00:00,73571.64,73592.64,+0.0285,UP,1
2026-05-29T11:35:00+00:00,2026-05-29T11:39:59.999000+00:00,73592.65,73503.05,-0.1218,DOWN,1
2026-05-29T11:40:00+00:00,2026-05-29T11:44:59.999000+00:00,73503.06,73491.64,-0.0155,DOWN,1
2026-05-29T11:45:00+00:00,2026-05-29T11:49:59.999000+00:00,73491.63,73455.72,-0.0489,DOWN,1
2026-05-29T11:50:00+00:00,2026-05-29T11:54:59.999000+00:00,73455.71,73424.88,-0.0420,DOWN,1
2026-05-29T11:55:00+00:00,2026-05-29T11:59:59.999000+00:00,73424.89,73487.98,+0.0859,UP,1
2026-05-29T12:00:00+00:00,2026-05-29T12:04:59.999000+00:00,73487.98,73427.74,-0.0820,DOWN,1
2026-05-29T12:05:00+00:00,2026-05-29T12:09:59.999000+00:00,73427.74,73382.70,-0.0613,DOWN,1
2026-05-29T12:10:00+00:00,2026-05-29T12:14:59.999000+00:00,73382.70,73367.24,-0.0211,DOWN,1
2026-05-29T12:15:00+00:00,2026-05-29T12:19:59.999000+00:00,73367.24,73392.01,+0.0338,UP,1
2026-05-29T12:20:00+00:00,2026-05-29T12:24:59.999000+00:00,73392.00,73322.63,-0.0945,DOWN,1
2026-05-29T12:25:00+00:00,2026-05-29T12:29:59.999000+00:00,73322.64,73326.80,+0.0057,UP,1
2026-05-29T12:30:00+00:00,2026-05-29T12:34:59.999000+00:00,73326.81,73287.71,-0.0533,DOWN,1
2026-05-29T12:35:00+00:00,2026-05-29T12:39:59.999000+00:00,73287.71,73252.25,-0.0484,DOWN,1
2026-05-29T12:40:00+00:00,2026-05-29T12:44:59.999000+00:00,73252.25,73277.32,+0.0342,UP,1
2026-05-29T12:45:00+00:00,2026-05-29T12:49:59.999000+00:00,73277.32,73245.85,-0.0429,DOWN,1
2026-05-29T12:50:00+00:00,2026-05-29T12:54:59.999000+00:00,73245.86,73325.14,+0.1082,UP,1
2026-05-29T12:55:00+00:00,2026-05-29T12:59:59.999000+00:00,73325.13,73295.73,-0.0401,DOWN,1
2026-05-29T13:00:00+00:00,2026-05-29T13:04:59.999000+00:00,73295.73,73242.31,-0.0729,DOWN,1
2026-05-29T13:05:00+00:00,2026-05-29T13:09:59.999000+00:00,73242.30,73212.58,-0.0406,DOWN,1
2026-05-29T13:10:00+00:00,2026-05-29T13:14:59.999000+00:00,73212.59,73125.27,-0.1193,DOWN,1
2026-05-29T13:15:00+00:00,2026-05-29T13:19:59.999000+00:00,73125.27,73111.92,-0.0183,DOWN,1
2026-05-29T13:20:00+00:00,2026-05-29T13:24:59.999000+00:00,73111.91,73030.98,-0.1107,DOWN,1
2026-05-29T13:25:00+00:00,2026-05-29T13:29:59.999000+00:00,73030.98,73069.76,+0.0531,UP,1
2026-05-29T13:30:00+00:00,2026-05-29T13:34:59.999000+00:00,73069.76,72926.00,-0.1967,DOWN,1
2026-05-29T13:35:00+00:00,2026-05-29T13:39:59.999000+00:00,72926.00,73218.30,+0.4008,UP,1
2026-05-29T13:40:00+00:00,2026-05-29T13:44:59.999000+00:00,73218.30,73261.99,+0.0597,UP,1
2026-05-29T13:45:00+00:00,2026-05-29T13:49:59.999000+00:00,73262.00,73216.22,-0.0625,DOWN,1
2026-05-29T13:50:00+00:00,2026-05-29T13:54:59.999000+00:00,73216.22,73113.14,-0.1408,DOWN,1
2026-05-29T13:55:00+00:00,2026-05-29T13:59:59.999000+00:00,73113.14,73135.70,+0.0309,UP,1
2026-05-29T14:00:00+00:00,2026-05-29T14:04:59.999000+00:00,73135.70,73169.62,+0.0464,UP,1
2026-05-29T14:05:00+00:00,2026-05-29T14:09:59.999000+00:00,73169.62,72958.99,-0.2879,DOWN,1
2026-05-29T14:10:00+00:00,2026-05-29T14:14:59.999000+00:00,72958.00,73013.79,+0.0765,UP,1
2026-05-29T14:15:00+00:00,2026-05-29T14:19:59.999000+00:00,73013.79,72796.00,-0.2983,DOWN,1
2026-05-29T14:20:00+00:00,2026-05-29T14:24:59.999000+00:00,72796.00,72686.15,-0.1509,DOWN,1
2026-05-29T14:25:00+00:00,2026-05-29T14:29:59.999000+00:00,72686.16,72722.64,+0.0502,UP,1
2026-05-29T14:30:00+00:00,2026-05-29T14:34:59.999000+00:00,72722.64,72839.39,+0.1605,UP,1
2026-05-29T14:35:00+00:00,2026-05-29T14:39:59.999000+00:00,72839.39,72696.66,-0.1960,DOWN,1
2026-05-29T14:40:00+00:00,2026-05-29T14:44:59.999000+00:00,72696.67,72648.68,-0.0660,DOWN,1
2026-05-29T14:45:00+00:00,2026-05-29T14:49:59.999000+00:00,72648.68,72749.15,+0.1383,UP,1
2026-05-29T14:50:00+00:00,2026-05-29T14:54:59.999000+00:00,72749.14,72925.37,+0.2422,UP,1
2026-05-29T14:55:00+00:00,2026-05-29T14:59:59.999000+00:00,72925.37,73096.85,+0.2351,UP,1
2026-05-29T15:00:00+00:00,2026-05-29T15:04:59.999000+00:00,73096.84,73313.95,+0.2970,UP,1
2026-05-29T15:05:00+00:00,2026-05-29T15:09:59.999000+00:00,73313.94,73663.04,+0.4762,UP,1
2026-05-29T15:10:00+00:00,2026-05-29T15:14:59.999000+00:00,73663.05,73695.75,+0.0444,UP,1
2026-05-29T15:15:00+00:00,2026-05-29T15:19:59.999000+00:00,73695.74,73637.48,-0.0791,DOWN,1
2026-05-29T15:20:00+00:00,2026-05-29T15:24:59.999000+00:00,73637.48,73602.00,-0.0482,DOWN,1
2026-05-29T15:25:00+00:00,2026-05-29T15:29:59.999000+00:00,73602.00,73670.00,+0.0924,UP,1
2026-05-29T15:30:00+00:00,2026-05-29T15:34:59.999000+00:00,73670.01,74045.87,+0.5102,UP,1
2026-05-29T15:35:00+00:00,2026-05-29T15:39:59.999000+00:00,74045.87,74110.93,+0.0879,UP,1
2026-05-29T15:40:00+00:00,2026-05-29T15:44:59.999000+00:00,74110.94,73825.99,-0.3845,DOWN,1
2026-05-29T15:45:00+00:00,2026-05-29T15:49:59.999000+00:00,73825.99,73868.57,+0.0577,UP,1
2026-05-29T15:50:00+00:00,2026-05-29T15:54:59.999000+00:00,73868.57,73768.00,-0.1361,DOWN,1
2026-05-29T15:55:00+00:00,2026-05-29T15:59:59.999000+00:00,73768.00,73808.26,+0.0546,UP,1
2026-05-29T16:00:00+00:00,2026-05-29T16:04:59.999000+00:00,73808.25,73870.03,+0.0837,UP,1
2026-05-29T16:05:00+00:00,2026-05-29T16:09:59.999000+00:00,73870.03,73900.01,+0.0406,UP,1
2026-05-29T16:10:00+00:00,2026-05-29T16:14:59.999000+00:00,73900.01,73953.90,+0.0729,UP,1
2026-05-29T16:15:00+00:00,2026-05-29T16:19:59.999000+00:00,73953.91,73742.00,-0.2865,DOWN,1
2026-05-29T16:20:00+00:00,2026-05-29T16:24:59.999000+00:00,73742.00,73632.66,-0.1483,DOWN,1
2026-05-29T16:25:00+00:00,2026-05-29T16:29:59.999000+00:00,73632.67,73649.23,+0.0225,UP,1
2026-05-29T16:30:00+00:00,2026-05-29T16:34:59.999000+00:00,73649.23,74068.97,+0.5699,UP,1
2026-05-29T16:35:00+00:00,2026-05-29T16:39:59.999000+00:00,74068.96,73985.55,-0.1126,DOWN,1
2026-05-29T16:40:00+00:00,2026-05-29T16:44:59.999000+00:00,73985.56,74065.00,+0.1074,UP,1
2026-05-29T16:45:00+00:00,2026-05-29T16:49:59.999000+00:00,74064.99,74040.01,-0.0337,DOWN,1
2026-05-29T16:50:00+00:00,2026-05-29T16:54:59.999000+00:00,74040.00,74048.31,+0.0112,UP,1
2026-05-29T16:55:00+00:00,2026-05-29T16:59:59.999000+00:00,74048.30,74056.50,+0.0111,UP,1
2026-05-29T17:00:00+00:00,2026-05-29T17:04:59.999000+00:00,74056.49,73945.51,-0.1499,DOWN,1
2026-05-29T17:05:00+00:00,2026-05-29T17:09:59.999000+00:00,73945.52,74130.00,+0.2495,UP,1
2026-05-29T17:10:00+00:00,2026-05-29T17:14:59.999000+00:00,74130.01,74257.70,+0.1723,UP,1
2026-05-29T17:15:00+00:00,2026-05-29T17:19:59.999000+00:00,74257.71,74227.58,-0.0406,DOWN,1
2026-05-29T17:20:00+00:00,2026-05-29T17:24:59.999000+00:00,74227.58,74290.00,+0.0841,UP,1
2026-05-29T17:25:00+00:00,2026-05-29T17:29:59.999000+00:00,74290.00,74228.02,-0.0834,DOWN,1
2026-05-29T17:30:00+00:00,2026-05-29T17:34:59.999000+00:00,74228.01,74279.54,+0.0694,UP,1
2026-05-29T17:35:00+00:00,2026-05-29T17:39:59.999000+00:00,74279.54,74303.71,+0.0325,UP,1
2026-05-29T17:40:00+00:00,2026-05-29T17:44:59.999000+00:00,74303.71,74213.79,-0.1210,DOWN,1
2026-05-29T17:45:00+00:00,2026-05-29T17:49:59.999000+00:00,74213.79,74044.92,-0.2275,DOWN,1
2026-05-29T17:50:00+00:00,2026-05-29T17:54:59.999000+00:00,74044.91,73982.62,-0.0841,DOWN,1
2026-05-29T17:55:00+00:00,2026-05-29T17:59:59.999000+00:00,73982.62,73980.94,-0.0023,DOWN,1
2026-05-29T18:00:00+00:00,2026-05-29T18:04:59.999000+00:00,73980.94,73996.00,+0.0204,UP,1
2026-05-29T18:05:00+00:00,2026-05-29T18:09:59.999000+00:00,73996.00,74043.03,+0.0636,UP,1
2026-05-29T18:10:00+00:00,2026-05-29T18:14:59.999000+00:00,74043.02,74038.00,-0.0068,DOWN,1
2026-05-29T18:15:00+00:00,2026-05-29T18:19:59.999000+00:00,74038.00,73908.01,-0.1756,DOWN,1
2026-05-29T18:20:00+00:00,2026-05-29T18:24:59.999000+00:00,73908.01,73850.67,-0.0776,DOWN,1
2026-05-29T18:25:00+00:00,2026-05-29T18:29:59.999000+00:00,73850.68,73790.36,-0.0817,DOWN,1
2026-05-29T18:30:00+00:00,2026-05-29T18:34:59.999000+00:00,73790.36,73833.50,+0.0585,UP,1
2026-05-29T18:35:00+00:00,2026-05-29T18:39:59.999000+00:00,73833.50,73840.42,+0.0094,UP,1
2026-05-29T18:40:00+00:00,2026-05-29T18:44:59.999000+00:00,73840.42,73796.40,-0.0596,DOWN,1
2026-05-29T18:45:00+00:00,2026-05-29T18:49:59.999000+00:00,73796.40,73566.78,-0.3112,DOWN,1
2026-05-29T18:50:00+00:00,2026-05-29T18:54:59.999000+00:00,73566.78,73337.33,-0.3119,DOWN,1
2026-05-29T18:55:00+00:00,2026-05-29T18:59:59.999000+00:00,73337.33,73374.52,+0.0507,UP,1
2026-05-29T19:00:00+00:00,2026-05-29T19:04:59.999000+00:00,73374.51,73463.18,+0.1208,UP,1
2026-05-29T19:05:00+00:00,2026-05-29T19:09:59.999000+00:00,73463.17,73470.46,+0.0099,UP,1
2026-05-29T19:10:00+00:00,2026-05-29T19:14:59.999000+00:00,73470.46,73428.00,-0.0578,DOWN,1
2026-05-29T19:15:00+00:00,2026-05-29T19:19:59.999000+00:00,73428.00,73294.22,-0.1822,DOWN,1
2026-05-29T19:20:00+00:00,2026-05-29T19:24:59.999000+00:00,73294.21,73322.53,+0.0386,UP,1
2026-05-29T19:25:00+00:00,2026-05-29T19:29:59.999000+00:00,73322.52,73332.99,+0.0143,UP,1
2026-05-29T19:30:00+00:00,2026-05-29T19:34:59.999000+00:00,73332.99,73564.01,+0.3150,UP,1
2026-05-29T19:35:00+00:00,2026-05-29T19:39:59.999000+00:00,73564.01,73695.59,+0.1789,UP,1
2026-05-29T19:40:00+00:00,2026-05-29T19:44:59.999000+00:00,73695.59,73682.93,-0.0172,DOWN,1
2026-05-29T19:45:00+00:00,2026-05-29T19:49:59.999000+00:00,73682.94,73666.49,-0.0223,DOWN,1
2026-05-29T19:50:00+00:00,2026-05-29T19:54:59.999000+00:00,73666.50,73592.95,-0.0998,DOWN,1
2026-05-29T19:55:00+00:00,2026-05-29T19:59:59.999000+00:00,73592.65,73520.28,-0.0983,DOWN,1
2026-05-29T20:00:00+00:00,2026-05-29T20:04:59.999000+00:00,73520.29,73562.12,+0.0569,UP,1
2026-05-29T20:05:00+00:00,2026-05-29T20:09:59.999000+00:00,73562.12,73648.33,+0.1172,UP,1
2026-05-29T20:10:00+00:00,2026-05-29T20:14:59.999000+00:00,73648.34,73657.98,+0.0131,UP,1
2026-05-29T20:15:00+00:00,2026-05-29T20:19:59.999000+00:00,73657.97,73653.85,-0.0056,DOWN,1
2026-05-29T20:20:00+00:00,2026-05-29T20:24:59.999000+00:00,73653.85,73744.00,+0.1224,UP,1
2026-05-29T20:25:00+00:00,2026-05-29T20:29:59.999000+00:00,73744.00,73708.26,-0.0485,DOWN,1
2026-05-29T20:30:00+00:00,2026-05-29T20:34:59.999000+00:00,73708.26,73730.42,+0.0301,UP,1
2026-05-29T20:35:00+00:00,2026-05-29T20:39:59.999000+00:00,73730.42,73705.25,-0.0341,DOWN,1
2026-05-29T20:40:00+00:00,2026-05-29T20:44:59.999000+00:00,73705.25,73701.18,-0.0055,DOWN,1
2026-05-29T20:45:00+00:00,2026-05-29T20:49:59.999000+00:00,73701.18,73722.34,+0.0287,UP,1
2026-05-29T20:50:00+00:00,2026-05-29T20:54:59.999000+00:00,73722.34,73663.01,-0.0805,DOWN,1
2026-05-29T20:55:00+00:00,2026-05-29T20:59:59.999000+00:00,73663.02,73673.61,+0.0144,UP,1
2026-05-29T21:00:00+00:00,2026-05-29T21:04:59.999000+00:00,73673.62,73689.36,+0.0214,UP,1
2026-05-29T21:05:00+00:00,2026-05-29T21:09:59.999000+00:00,73689.37,73719.77,+0.0413,UP,1
2026-05-29T21:10:00+00:00,2026-05-29T21:14:59.999000+00:00,73719.78,73804.15,+0.1144,UP,1
2026-05-29T21:15:00+00:00,2026-05-29T21:19:59.999000+00:00,73804.14,73721.76,-0.1116,DOWN,1
2026-05-29T21:20:00+00:00,2026-05-29T21:24:59.999000+00:00,73721.76,73621.28,-0.1363,DOWN,1
2026-05-29T21:25:00+00:00,2026-05-29T21:29:59.999000+00:00,73621.29,73538.86,-0.1120,DOWN,1
2026-05-29T21:30:00+00:00,2026-05-29T21:34:59.999000+00:00,73538.86,73550.01,+0.0152,UP,1
2026-05-29T21:35:00+00:00,2026-05-29T21:39:59.999000+00:00,73550.00,73595.00,+0.0612,UP,1
2026-05-29T21:40:00+00:00,2026-05-29T21:44:59.999000+00:00,73595.00,73600.00,+0.0068,UP,1
2026-05-29T21:45:00+00:00,2026-05-29T21:49:59.999000+00:00,73600.00,73497.53,-0.1392,DOWN,1
2026-05-29T21:50:00+00:00,2026-05-29T21:54:59.999000+00:00,73497.53,73422.00,-0.1028,DOWN,1
2026-05-29T21:55:00+00:00,2026-05-29T21:59:59.999000+00:00,73422.01,73409.27,-0.0174,DOWN,1
2026-05-29T22:00:00+00:00,2026-05-29T22:04:59.999000+00:00,73409.27,73405.00,-0.0058,DOWN,1
2026-05-29T22:05:00+00:00,2026-05-29T22:09:59.999000+00:00,73405.00,73415.63,+0.0145,UP,1
2026-05-29T22:10:00+00:00,2026-05-29T22:14:59.999000+00:00,73415.64,73403.35,-0.0167,DOWN,1
2026-05-29T22:15:00+00:00,2026-05-29T22:19:59.999000+00:00,73403.36,73489.90,+0.1179,UP,1
2026-05-29T22:20:00+00:00,2026-05-29T22:24:59.999000+00:00,73489.90,73532.00,+0.0573,UP,1
2026-05-29T22:25:00+00:00,2026-05-29T22:29:59.999000+00:00,73532.00,73523.84,-0.0111,DOWN,1
2026-05-29T22:30:00+00:00,2026-05-29T22:34:59.999000+00:00,73523.85,73511.97,-0.0162,DOWN,1
2026-05-29T22:35:00+00:00,2026-05-29T22:39:59.999000+00:00,73511.97,73457.57,-0.0740,DOWN,1
2026-05-29T22:40:00+00:00,2026-05-29T22:44:59.999000+00:00,73457.57,73466.06,+0.0116,UP,1
2026-05-29T22:45:00+00:00,2026-05-29T22:49:59.999000+00:00,73466.05,73464.83,-0.0017,DOWN,1
2026-05-29T22:50:00+00:00,2026-05-29T22:54:59.999000+00:00,73464.82,73431.62,-0.0452,DOWN,1
2026-05-29T22:55:00+00:00,2026-05-29T22:59:59.999000+00:00,73431.62,73483.52,+0.0707,UP,1
2026-05-29T23:00:00+00:00,2026-05-29T23:04:59.999000+00:00,73483.51,73463.83,-0.0268,DOWN,1
2026-05-29T23:05:00+00:00,2026-05-29T23:09:59.999000+00:00,73463.83,73456.48,-0.0100,DOWN,1
2026-05-29T23:10:00+00:00,2026-05-29T23:14:59.999000+00:00,73456.49,73415.19,-0.0562,DOWN,1
2026-05-29T23:15:00+00:00,2026-05-29T23:19:59.999000+00:00,73415.19,73427.16,+0.0163,UP,1
2026-05-29T23:20:00+00:00,2026-05-29T23:24:59.999000+00:00,73427.15,73353.37,-0.1005,DOWN,1
2026-05-29T23:25:00+00:00,2026-05-29T23:29:59.999000+00:00,73353.37,73384.42,+0.0423,UP,1
2026-05-29T23:30:00+00:00,2026-05-29T23:34:59.999000+00:00,73384.42,73365.22,-0.0262,DOWN,1
2026-05-29T23:35:00+00:00,2026-05-29T23:39:59.999000+00:00,73365.21,73361.12,-0.0056,DOWN,1
2026-05-29T23:40:00+00:00,2026-05-29T23:44:59.999000+00:00,73361.13,73431.73,+0.0962,UP,1
2026-05-29T23:45:00+00:00,2026-05-29T23:49:59.999000+00:00,73431.72,73437.66,+0.0081,UP,1
2026-05-29T23:50:00+00:00,2026-05-29T23:54:59.999000+00:00,73437.66,73476.43,+0.0528,UP,1
2026-05-29T23:55:00+00:00,2026-05-29T23:59:59.999000+00:00,73476.43,73460.78,-0.0213,DOWN,1
2026-05-30T00:00:00+00:00,2026-05-30T00:04:59.999000+00:00,73460.78,73450.09,-0.0146,DOWN,1
2026-05-30T00:05:00+00:00,2026-05-30T00:09:59.999000+00:00,73450.09,73519.99,+0.0952,UP,1
2026-05-30T00:10:00+00:00,2026-05-30T00:14:59.999000+00:00,73519.99,73491.46,-0.0388,DOWN,1
2026-05-30T00:15:00+00:00,2026-05-30T00:19:59.999000+00:00,73491.47,73484.99,-0.0088,DOWN,1
2026-05-30T00:20:00+00:00,2026-05-30T00:24:59.999000+00:00,73485.00,73469.89,-0.0206,DOWN,1
2026-05-30T00:25:00+00:00,2026-05-30T00:29:59.999000+00:00,73469.90,73467.93,-0.0027,DOWN,1
2026-05-30T00:30:00+00:00,2026-05-30T00:34:59.999000+00:00,73467.93,73432.47,-0.0483,DOWN,1
2026-05-30T00:35:00+00:00,2026-05-30T00:39:59.999000+00:00,73432.47,73514.00,+0.1110,UP,1
2026-05-30T00:40:00+00:00,2026-05-30T00:44:59.999000+00:00,73513.99,73517.54,+0.0048,UP,1
2026-05-30T00:45:00+00:00,2026-05-30T00:49:59.999000+00:00,73517.54,73515.97,-0.0021,DOWN,1
2026-05-30T00:50:00+00:00,2026-05-30T00:54:59.999000+00:00,73515.97,73510.00,-0.0081,DOWN,1
2026-05-30T00:55:00+00:00,2026-05-30T00:59:59.999000+00:00,73510.00,73498.80,-0.0152,DOWN,1
2026-05-30T01:00:00+00:00,2026-05-30T01:04:59.999000+00:00,73498.80,73533.75,+0.0476,UP,1
2026-05-30T01:05:00+00:00,2026-05-30T01:09:59.999000+00:00,73533.76,73579.99,+0.0629,UP,1
2026-05-30T01:10:00+00:00,2026-05-30T01:14:59.999000+00:00,73579.99,73577.94,-0.0028,DOWN,1
2026-05-30T01:15:00+00:00,2026-05-30T01:19:59.999000+00:00,73577.94,73602.00,+0.0327,UP,1
2026-05-30T01:20:00+00:00,2026-05-30T01:24:59.999000+00:00,73601.99,73632.49,+0.0414,UP,1
2026-05-30T01:25:00+00:00,2026-05-30T01:29:59.999000+00:00,73632.48,73627.81,-0.0063,DOWN,1
2026-05-30T01:30:00+00:00,2026-05-30T01:34:59.999000+00:00,73627.80,73626.99,-0.0011,DOWN,1
2026-05-30T01:35:00+00:00,2026-05-30T01:39:59.999000+00:00,73627.00,73642.00,+0.0204,UP,1
2026-05-30T01:40:00+00:00,2026-05-30T01:44:59.999000+00:00,73642.00,73598.75,-0.0587,DOWN,1
2026-05-30T01:45:00+00:00,2026-05-30T01:49:59.999000+00:00,73598.76,73631.97,+0.0451,UP,1
2026-05-30T01:50:00+00:00,2026-05-30T01:54:59.999000+00:00,73631.97,73635.86,+0.0053,UP,1
2026-05-30T01:55:00+00:00,2026-05-30T01:59:59.999000+00:00,73635.85,73657.90,+0.0299,UP,1
2026-05-30T02:00:00+00:00,2026-05-30T02:04:59.999000+00:00,73657.90,73698.52,+0.0551,UP,1
2026-05-30T02:05:00+00:00,2026-05-30T02:09:59.999000+00:00,73698.53,73685.43,-0.0178,DOWN,1
2026-05-30T02:10:00+00:00,2026-05-30T02:14:59.999000+00:00,73685.42,73673.42,-0.0163,DOWN,1
2026-05-30T02:15:00+00:00,2026-05-30T02:19:59.999000+00:00,73673.43,73671.10,-0.0032,DOWN,1
2026-05-30T02:20:00+00:00,2026-05-30T02:24:59.999000+00:00,73671.09,73613.86,-0.0777,DOWN,1
2026-05-30T02:25:00+00:00,2026-05-30T02:29:59.999000+00:00,73613.87,73623.43,+0.0130,UP,1
2026-05-30T02:30:00+00:00,2026-05-30T02:34:59.999000+00:00,73623.42,73707.92,+0.1148,UP,1
2026-05-30T02:35:00+00:00,2026-05-30T02:39:59.999000+00:00,73707.91,73703.91,-0.0054,DOWN,1
2026-05-30T02:40:00+00:00,2026-05-30T02:44:59.999000+00:00,73703.92,73708.18,+0.0058,UP,1
2026-05-30T02:45:00+00:00,2026-05-30T02:49:59.999000+00:00,73708.18,73699.83,-0.0113,DOWN,1
2026-05-30T02:50:00+00:00,2026-05-30T02:54:59.999000+00:00,73699.84,73773.98,+0.1006,UP,1
2026-05-30T02:55:00+00:00,2026-05-30T02:59:59.999000+00:00,73773.98,73786.69,+0.0172,UP,1
2026-05-30T03:00:00+00:00,2026-05-30T03:04:59.999000+00:00,73786.70,73796.43,+0.0132,UP,1
2026-05-30T03:05:00+00:00,2026-05-30T03:09:59.999000+00:00,73796.43,73791.00,-0.0074,DOWN,1
2026-05-30T03:10:00+00:00,2026-05-30T03:14:59.999000+00:00,73791.00,73765.82,-0.0341,DOWN,1
2026-05-30T03:15:00+00:00,2026-05-30T03:19:59.999000+00:00,73765.82,73731.98,-0.0459,DOWN,1
2026-05-30T03:20:00+00:00,2026-05-30T03:24:59.999000+00:00,73731.99,73700.34,-0.0429,DOWN,1
2026-05-30T03:25:00+00:00,2026-05-30T03:29:59.999000+00:00,73700.33,73664.19,-0.0490,DOWN,1
2026-05-30T03:30:00+00:00,2026-05-30T03:34:59.999000+00:00,73664.18,73617.98,-0.0627,DOWN,1
2026-05-30T03:35:00+00:00,2026-05-30T03:39:59.999000+00:00,73617.99,73602.89,-0.0205,DOWN,1
2026-05-30T03:40:00+00:00,2026-05-30T03:44:59.999000+00:00,73602.89,73538.01,-0.0881,DOWN,1
2026-05-30T03:45:00+00:00,2026-05-30T03:49:59.999000+00:00,73538.00,73583.23,+0.0615,UP,1
2026-05-30T03:50:00+00:00,2026-05-30T03:54:59.999000+00:00,73583.24,73554.01,-0.0397,DOWN,1
2026-05-30T03:55:00+00:00,2026-05-30T03:59:59.999000+00:00,73554.01,73524.01,-0.0408,DOWN,1
2026-05-30T04:00:00+00:00,2026-05-30T04:04:59.999000+00:00,73524.01,73510.00,-0.0191,DOWN,1
2026-05-30T04:05:00+00:00,2026-05-30T04:09:59.999000+00:00,73510.01,73356.35,-0.2090,DOWN,1
2026-05-30T04:10:00+00:00,2026-05-30T04:14:59.999000+00:00,73356.36,73489.99,+0.1822,UP,1
2026-05-30T04:15:00+00:00,2026-05-30T04:19:59.999000+00:00,73490.00,73415.89,-0.1008,DOWN,1
2026-05-30T04:20:00+00:00,2026-05-30T04:24:59.999000+00:00,73415.90,73416.30,+0.0005,UP,1
2026-05-30T04:25:00+00:00,2026-05-30T04:29:59.999000+00:00,73416.30,73347.29,-0.0940,DOWN,1
2026-05-30T04:30:00+00:00,2026-05-30T04:34:59.999000+00:00,73347.30,73233.28,-0.1555,DOWN,1
2026-05-30T04:35:00+00:00,2026-05-30T04:39:59.999000+00:00,73233.28,73275.04,+0.0570,UP,1
2026-05-30T04:40:00+00:00,2026-05-30T04:44:59.999000+00:00,73275.03,73310.00,+0.0477,UP,1
2026-05-30T04:45:00+00:00,2026-05-30T04:49:59.999000+00:00,73310.00,73366.06,+0.0765,UP,1
2026-05-30T04:50:00+00:00,2026-05-30T04:54:59.999000+00:00,73366.06,73341.60,-0.0333,DOWN,1
2026-05-30T04:55:00+00:00,2026-05-30T04:59:59.999000+00:00,73341.60,73402.84,+0.0835,UP,1
2026-05-30T05:00:00+00:00,2026-05-30T05:04:59.999000+00:00,73402.85,73417.95,+0.0206,UP,1
2026-05-30T05:05:00+00:00,2026-05-30T05:09:59.999000+00:00,73417.94,73516.62,+0.1344,UP,1
2026-05-30T05:10:00+00:00,2026-05-30T05:14:59.999000+00:00,73516.62,73501.33,-0.0208,DOWN,1
2026-05-30T05:15:00+00:00,2026-05-30T05:19:59.999000+00:00,73501.32,73538.00,+0.0499,UP,1
2026-05-30T05:20:00+00:00,2026-05-30T05:24:59.999000+00:00,73538.01,73528.05,-0.0135,DOWN,1
2026-05-30T05:25:00+00:00,2026-05-30T05:29:59.999000+00:00,73528.05,73520.01,-0.0109,DOWN,1
2026-05-30T05:30:00+00:00,2026-05-30T05:34:59.999000+00:00,73520.00,73542.12,+0.0301,UP,1
2026-05-30T05:35:00+00:00,2026-05-30T05:39:59.999000+00:00,73542.11,73568.99,+0.0366,UP,1
2026-05-30T05:40:00+00:00,2026-05-30T05:44:59.999000+00:00,73568.98,73579.25,+0.0140,UP,1
2026-05-30T05:45:00+00:00,2026-05-30T05:49:59.999000+00:00,73579.26,73616.22,+0.0502,UP,1
2026-05-30T05:50:00+00:00,2026-05-30T05:54:59.999000+00:00,73616.23,73608.00,-0.0112,DOWN,1
2026-05-30T05:55:00+00:00,2026-05-30T05:59:59.999000+00:00,73608.00,73604.99,-0.0041,DOWN,1
2026-05-30T06:00:00+00:00,2026-05-30T06:04:59.999000+00:00,73604.99,73596.21,-0.0119,DOWN,1
2026-05-30T06:05:00+00:00,2026-05-30T06:09:59.999000+00:00,73596.22,73538.45,-0.0785,DOWN,1
2026-05-30T06:10:00+00:00,2026-05-30T06:14:59.999000+00:00,73538.44,73536.51,-0.0026,DOWN,1
2026-05-30T06:15:00+00:00,2026-05-30T06:19:59.999000+00:00,73536.50,73558.69,+0.0302,UP,1
2026-05-30T06:20:00+00:00,2026-05-30T06:24:59.999000+00:00,73558.69,73613.83,+0.0750,UP,1
2026-05-30T06:25:00+00:00,2026-05-30T06:29:59.999000+00:00,73613.82,73607.81,-0.0082,DOWN,1
2026-05-30T06:30:00+00:00,2026-05-30T06:34:59.999000+00:00,73607.82,73677.49,+0.0947,UP,1
2026-05-30T06:35:00+00:00,2026-05-30T06:39:59.999000+00:00,73677.49,73669.11,-0.0114,DOWN,1
2026-05-30T06:40:00+00:00,2026-05-30T06:44:59.999000+00:00,73669.12,73660.07,-0.0123,DOWN,1
2026-05-30T06:45:00+00:00,2026-05-30T06:49:59.999000+00:00,73660.07,73613.29,-0.0635,DOWN,1
2026-05-30T06:50:00+00:00,2026-05-30T06:54:59.999000+00:00,73613.29,73619.64,+0.0086,UP,1
2026-05-30T06:55:00+00:00,2026-05-30T06:59:59.999000+00:00,73619.64,73584.99,-0.0471,DOWN,1
2026-05-30T07:00:00+00:00,2026-05-30T07:04:59.999000+00:00,73584.99,73536.18,-0.0663,DOWN,1
2026-05-30T07:05:00+00:00,2026-05-30T07:09:59.999000+00:00,73536.17,73537.34,+0.0016,UP,1
2026-05-30T07:10:00+00:00,2026-05-30T07:14:59.999000+00:00,73537.33,73533.68,-0.0050,DOWN,1
2026-05-30T07:15:00+00:00,2026-05-30T07:19:59.999000+00:00,73533.68,73537.02,+0.0045,UP,1
2026-05-30T07:20:00+00:00,2026-05-30T07:24:59.999000+00:00,73537.03,73549.71,+0.0172,UP,1
2026-05-30T07:25:00+00:00,2026-05-30T07:29:59.999000+00:00,73549.71,73563.19,+0.0183,UP,1
2026-05-30T07:30:00+00:00,2026-05-30T07:34:59.999000+00:00,73563.20,73572.14,+0.0122,UP,1
2026-05-30T07:35:00+00:00,2026-05-30T07:39:59.999000+00:00,73572.14,73496.00,-0.1035,DOWN,1
2026-05-30T07:40:00+00:00,2026-05-30T07:44:59.999000+00:00,73495.99,73495.91,-0.0001,DOWN,1
2026-05-30T07:45:00+00:00,2026-05-30T07:49:59.999000+00:00,73495.90,73542.00,+0.0627,UP,1
2026-05-30T07:50:00+00:00,2026-05-30T07:54:59.999000+00:00,73542.00,73541.99,-0.0000,DOWN,1
2026-05-30T07:55:00+00:00,2026-05-30T07:59:59.999000+00:00,73541.99,73548.60,+0.0090,UP,1
2026-05-30T08:00:00+00:00,2026-05-30T08:04:59.999000+00:00,73548.60,73549.99,+0.0019,UP,1
2026-05-30T08:05:00+00:00,2026-05-30T08:09:59.999000+00:00,73550.00,73562.17,+0.0165,UP,1
2026-05-30T08:10:00+00:00,2026-05-30T08:14:59.999000+00:00,73562.17,73567.59,+0.0074,UP,1
2026-05-30T08:15:00+00:00,2026-05-30T08:19:59.999000+00:00,73567.58,73514.00,-0.0728,DOWN,1
2026-05-30T08:20:00+00:00,2026-05-30T08:24:59.999000+00:00,73514.00,73544.00,+0.0408,UP,1
2026-05-30T08:25:00+00:00,2026-05-30T08:29:59.999000+00:00,73544.00,73548.34,+0.0059,UP,1
2026-05-30T08:30:00+00:00,2026-05-30T08:34:59.999000+00:00,73548.34,73546.77,-0.0021,DOWN,1
2026-05-30T08:35:00+00:00,2026-05-30T08:39:59.999000+00:00,73546.76,73522.79,-0.0326,DOWN,1
2026-05-30T08:40:00+00:00,2026-05-30T08:44:59.999000+00:00,73522.79,73520.91,-0.0026,DOWN,1
2026-05-30T08:45:00+00:00,2026-05-30T08:49:59.999000+00:00,73520.92,73520.00,-0.0013,DOWN,1
2026-05-30T08:50:00+00:00,2026-05-30T08:54:59.999000+00:00,73520.00,73510.00,-0.0136,DOWN,1
2026-05-30T08:55:00+00:00,2026-05-30T08:59:59.999000+00:00,73510.00,73530.07,+0.0273,UP,1
2026-05-30T09:00:00+00:00,2026-05-30T09:04:59.999000+00:00,73530.07,73534.00,+0.0053,UP,1
2026-05-30T09:05:00+00:00,2026-05-30T09:09:59.999000+00:00,73534.00,73548.72,+0.0200,UP,1
2026-05-30T09:10:00+00:00,2026-05-30T09:14:59.999000+00:00,73548.71,73546.38,-0.0032,DOWN,1
2026-05-30T09:15:00+00:00,2026-05-30T09:19:59.999000+00:00,73546.39,73536.64,-0.0133,DOWN,1
2026-05-30T09:20:00+00:00,2026-05-30T09:24:59.999000+00:00,73536.64,73542.19,+0.0075,UP,1
2026-05-30T09:25:00+00:00,2026-05-30T09:29:59.999000+00:00,73542.19,73566.51,+0.0331,UP,1
2026-05-30T09:30:00+00:00,2026-05-30T09:34:59.999000+00:00,73566.50,73558.60,-0.0107,DOWN,1
2026-05-30T09:35:00+00:00,2026-05-30T09:39:59.999000+00:00,73558.60,73562.78,+0.0057,UP,1
2026-05-30T09:40:00+00:00,2026-05-30T09:44:59.999000+00:00,73562.78,73572.00,+0.0125,UP,1
2026-05-30T09:45:00+00:00,2026-05-30T09:49:59.999000+00:00,73572.01,73568.93,-0.0042,DOWN,1
2026-05-30T09:50:00+00:00,2026-05-30T09:54:59.999000+00:00,73568.94,73612.42,+0.0591,UP,1
2026-05-30T09:55:00+00:00,2026-05-30T09:59:59.999000+00:00,73612.43,73615.46,+0.0041,UP,1
2026-05-30T10:00:00+00:00,2026-05-30T10:04:59.999000+00:00,73615.46,73614.96,-0.0007,DOWN,1
2026-05-30T10:05:00+00:00,2026-05-30T10:09:59.999000+00:00,73614.97,73635.90,+0.0284,UP,1
2026-05-30T10:10:00+00:00,2026-05-30T10:14:59.999000+00:00,73635.89,73637.40,+0.0021,UP,1
2026-05-30T10:15:00+00:00,2026-05-30T10:19:59.999000+00:00,73637.40,73656.89,+0.0265,UP,1
2026-05-30T10:20:00+00:00,2026-05-30T10:24:59.999000+00:00,73656.89,73670.05,+0.0179,UP,1
2026-05-30T10:25:00+00:00,2026-05-30T10:29:59.999000+00:00,73670.05,73630.08,-0.0543,DOWN,1
2026-05-30T10:30:00+00:00,2026-05-30T10:34:59.999000+00:00,73630.07,73626.61,-0.0047,DOWN,1
2026-05-30T10:35:00+00:00,2026-05-30T10:39:59.999000+00:00,73626.60,73614.84,-0.0160,DOWN,1
2026-05-30T10:40:00+00:00,2026-05-30T10:44:59.999000+00:00,73614.83,73641.16,+0.0358,UP,1
2026-05-30T10:45:00+00:00,2026-05-30T10:49:59.999000+00:00,73641.16,73647.84,+0.0091,UP,1
2026-05-30T10:50:00+00:00,2026-05-30T10:54:59.999000+00:00,73647.85,73658.17,+0.0140,UP,1
2026-05-30T10:55:00+00:00,2026-05-30T10:59:59.999000+00:00,73658.17,73655.85,-0.0031,DOWN,1
2026-05-30T11:00:00+00:00,2026-05-30T11:04:59.999000+00:00,73655.85,73644.87,-0.0149,DOWN,1
2026-05-30T11:05:00+00:00,2026-05-30T11:09:59.999000+00:00,73644.87,73621.97,-0.0311,DOWN,1
2026-05-30T11:10:00+00:00,2026-05-30T11:14:59.999000+00:00,73621.98,73614.56,-0.0101,DOWN,1
2026-05-30T11:15:00+00:00,2026-05-30T11:19:59.999000+00:00,73614.56,73588.00,-0.0361,DOWN,1
2026-05-30T11:20:00+00:00,2026-05-30T11:24:59.999000+00:00,73588.00,73596.63,+0.0117,UP,1
2026-05-30T11:25:00+00:00,2026-05-30T11:29:59.999000+00:00,73596.64,73583.00,-0.0185,DOWN,1
2026-05-30T11:30:00+00:00,2026-05-30T11:34:59.999000+00:00,73583.00,73590.80,+0.0106,UP,1
2026-05-30T11:35:00+00:00,2026-05-30T11:39:59.999000+00:00,73590.79,73616.00,+0.0343,UP,1
2026-05-30T11:40:00+00:00,2026-05-30T11:44:59.999000+00:00,73616.01,73629.69,+0.0186,UP,1
2026-05-30T11:45:00+00:00,2026-05-30T11:49:59.999000+00:00,73629.68,73610.34,-0.0263,DOWN,1
2026-05-30T11:50:00+00:00,2026-05-30T11:54:59.999000+00:00,73610.34,73615.00,+0.0063,UP,1
2026-05-30T11:55:00+00:00,2026-05-30T11:59:59.999000+00:00,73615.00,73602.02,-0.0176,DOWN,1
2026-05-30T12:00:00+00:00,2026-05-30T12:04:59.999000+00:00,73602.01,73600.01,-0.0027,DOWN,1
2026-05-30T12:05:00+00:00,2026-05-30T12:09:59.999000+00:00,73600.01,73600.02,+0.0000,UP,1
2026-05-30T12:10:00+00:00,2026-05-30T12:14:59.999000+00:00,73600.02,73605.59,+0.0076,UP,1
2026-05-30T12:15:00+00:00,2026-05-30T12:19:59.999000+00:00,73605.59,73638.68,+0.0450,UP,1
2026-05-30T12:20:00+00:00,2026-05-30T12:24:59.999000+00:00,73638.68,73644.17,+0.0075,UP,1
2026-05-30T12:25:00+00:00,2026-05-30T12:29:59.999000+00:00,73644.18,73651.27,+0.0096,UP,1
2026-05-30T12:30:00+00:00,2026-05-30T12:34:59.999000+00:00,73651.26,73685.40,+0.0464,UP,1
2026-05-30T12:35:00+00:00,2026-05-30T12:39:59.999000+00:00,73685.40,73671.02,-0.0195,DOWN,1
2026-05-30T12:40:00+00:00,2026-05-30T12:44:59.999000+00:00,73671.03,73689.31,+0.0248,UP,1
2026-05-30T12:45:00+00:00,2026-05-30T12:49:59.999000+00:00,73689.31,73677.60,-0.0159,DOWN,1
2026-05-30T12:50:00+00:00,2026-05-30T12:54:59.999000+00:00,73677.61,73655.05,-0.0306,DOWN,1
2026-05-30T12:55:00+00:00,2026-05-30T12:59:59.999000+00:00,73655.05,73698.18,+0.0586,UP,1
2026-05-30T13:00:00+00:00,2026-05-30T13:04:59.999000+00:00,73698.17,73721.69,+0.0319,UP,1
2026-05-30T13:05:00+00:00,2026-05-30T13:09:59.999000+00:00,73721.69,73765.82,+0.0599,UP,1
2026-05-30T13:10:00+00:00,2026-05-30T13:14:59.999000+00:00,73765.81,73746.40,-0.0263,DOWN,1
2026-05-30T13:15:00+00:00,2026-05-30T13:19:59.999000+00:00,73746.40,73763.99,+0.0239,UP,1
2026-05-30T13:20:00+00:00,2026-05-30T13:24:59.999000+00:00,73764.00,73789.80,+0.0350,UP,1
2026-05-30T13:25:00+00:00,2026-05-30T13:29:59.999000+00:00,73789.81,73773.44,-0.0222,DOWN,1
2026-05-30T13:30:00+00:00,2026-05-30T13:34:59.999000+00:00,73773.44,73695.16,-0.1061,DOWN,1
2026-05-30T13:35:00+00:00,2026-05-30T13:39:59.999000+00:00,73695.16,73686.61,-0.0116,DOWN,1
2026-05-30T13:40:00+00:00,2026-05-30T13:44:59.999000+00:00,73686.61,73748.00,+0.0833,UP,1
2026-05-30T13:45:00+00:00,2026-05-30T13:49:59.999000+00:00,73747.99,73740.80,-0.0097,DOWN,1
2026-05-30T13:50:00+00:00,2026-05-30T13:54:59.999000+00:00,73740.80,73819.37,+0.1065,UP,1
2026-05-30T13:55:00+00:00,2026-05-30T13:59:59.999000+00:00,73819.37,73829.31,+0.0135,UP,1
2026-05-30T14:00:00+00:00,2026-05-30T14:04:59.999000+00:00,73829.31,73905.99,+0.1039,UP,1
2026-05-30T14:05:00+00:00,2026-05-30T14:09:59.999000+00:00,73906.00,73946.67,+0.0550,UP,1
2026-05-30T14:10:00+00:00,2026-05-30T14:14:59.999000+00:00,73946.67,73940.01,-0.0090,DOWN,1
2026-05-30T14:15:00+00:00,2026-05-30T14:19:59.999000+00:00,73940.00,74002.00,+0.0839,UP,1
2026-05-30T14:20:00+00:00,2026-05-30T14:24:59.999000+00:00,74002.01,73967.53,-0.0466,DOWN,1
2026-05-30T14:25:00+00:00,2026-05-30T14:29:59.999000+00:00,73967.54,74048.27,+0.1091,UP,1
2026-05-30T14:30:00+00:00,2026-05-30T14:34:59.999000+00:00,74048.28,74049.06,+0.0011,UP,1
2026-05-30T14:35:00+00:00,2026-05-30T14:39:59.999000+00:00,74049.05,74034.83,-0.0192,DOWN,1
2026-05-30T14:40:00+00:00,2026-05-30T14:44:59.999000+00:00,74034.83,74000.01,-0.0470,DOWN,1
2026-05-30T14:45:00+00:00,2026-05-30T14:49:59.999000+00:00,74000.00,73988.00,-0.0162,DOWN,1
2026-05-30T14:50:00+00:00,2026-05-30T14:54:59.999000+00:00,73988.01,73929.09,-0.0796,DOWN,1
2026-05-30T14:55:00+00:00,2026-05-30T14:59:59.999000+00:00,73929.10,73929.11,+0.0000,UP,1
2026-05-30T15:00:00+00:00,2026-05-30T15:04:59.999000+00:00,73929.11,73895.85,-0.0450,DOWN,1
2026-05-30T15:05:00+00:00,2026-05-30T15:09:59.999000+00:00,73895.84,73899.61,+0.0051,UP,1
2026-05-30T15:10:00+00:00,2026-05-30T15:14:59.999000+00:00,73899.60,74030.01,+0.1765,UP,1
2026-05-30T15:15:00+00:00,2026-05-30T15:19:59.999000+00:00,74030.01,73940.87,-0.1204,DOWN,1
2026-05-30T15:20:00+00:00,2026-05-30T15:24:59.999000+00:00,73940.87,73887.04,-0.0728,DOWN,1
2026-05-30T15:25:00+00:00,2026-05-30T15:29:59.999000+00:00,73887.05,73940.01,+0.0717,UP,1
2026-05-30T15:30:00+00:00,2026-05-30T15:34:59.999000+00:00,73940.00,73916.92,-0.0312,DOWN,1
2026-05-30T15:35:00+00:00,2026-05-30T15:39:59.999000+00:00,73916.92,73868.98,-0.0649,DOWN,1
2026-05-30T15:40:00+00:00,2026-05-30T15:44:59.999000+00:00,73868.99,73875.00,+0.0081,UP,1
2026-05-30T15:45:00+00:00,2026-05-30T15:49:59.999000+00:00,73875.01,73910.90,+0.0486,UP,1
2026-05-30T15:50:00+00:00,2026-05-30T15:54:59.999000+00:00,73910.89,73959.17,+0.0653,UP,1
2026-05-30T15:55:00+00:00,2026-05-30T15:59:59.999000+00:00,73959.17,73930.14,-0.0393,DOWN,1
2026-05-30T16:00:00+00:00,2026-05-30T16:04:59.999000+00:00,73930.13,73901.58,-0.0386,DOWN,1
2026-05-30T16:05:00+00:00,2026-05-30T16:09:59.999000+00:00,73901.59,73925.33,+0.0321,UP,1
2026-05-30T16:10:00+00:00,2026-05-30T16:14:59.999000+00:00,73925.34,73968.03,+0.0577,UP,1
2026-05-30T16:15:00+00:00,2026-05-30T16:19:59.999000+00:00,73968.03,73922.48,-0.0616,DOWN,1
2026-05-30T16:20:00+00:00,2026-05-30T16:24:59.999000+00:00,73922.49,73918.15,-0.0059,DOWN,1
2026-05-30T16:25:00+00:00,2026-05-30T16:29:59.999000+00:00,73918.15,73909.99,-0.0110,DOWN,1
2026-05-30T16:30:00+00:00,2026-05-30T16:34:59.999000+00:00,73909.99,73950.39,+0.0547,UP,1
2026-05-30T16:35:00+00:00,2026-05-30T16:39:59.999000+00:00,73950.40,73972.00,+0.0292,UP,1
2026-05-30T16:40:00+00:00,2026-05-30T16:44:59.999000+00:00,73972.00,73957.53,-0.0196,DOWN,1
2026-05-30T16:45:00+00:00,2026-05-30T16:49:59.999000+00:00,73957.54,73927.59,-0.0405,DOWN,1
2026-05-30T16:50:00+00:00,2026-05-30T16:54:59.999000+00:00,73927.58,73931.04,+0.0047,UP,1
2026-05-30T16:55:00+00:00,2026-05-30T16:59:59.999000+00:00,73931.04,73934.99,+0.0053,UP,1
2026-05-30T17:00:00+00:00,2026-05-30T17:04:59.999000+00:00,73935.00,73943.44,+0.0114,UP,1
2026-05-30T17:05:00+00:00,2026-05-30T17:09:59.999000+00:00,73943.44,73887.00,-0.0763,DOWN,1
2026-05-30T17:10:00+00:00,2026-05-30T17:14:59.999000+00:00,73887.00,73907.51,+0.0278,UP,1
2026-05-30T17:15:00+00:00,2026-05-30T17:19:59.999000+00:00,73907.52,73911.06,+0.0048,UP,1
2026-05-30T17:20:00+00:00,2026-05-30T17:24:59.999000+00:00,73911.07,74012.98,+0.1379,UP,1
2026-05-30T17:25:00+00:00,2026-05-30T17:29:59.999000+00:00,74012.98,73934.86,-0.1055,DOWN,1
2026-05-30T17:30:00+00:00,2026-05-30T17:34:59.999000+00:00,73934.86,73860.00,-0.1013,DOWN,1
2026-05-30T17:35:00+00:00,2026-05-30T17:39:59.999000+00:00,73860.01,73925.34,+0.0885,UP,1
2026-05-30T17:40:00+00:00,2026-05-30T17:44:59.999000+00:00,73925.33,73955.94,+0.0414,UP,1
2026-05-30T17:45:00+00:00,2026-05-30T17:49:59.999000+00:00,73955.94,74011.39,+0.0750,UP,1
2026-05-30T17:50:00+00:00,2026-05-30T17:54:59.999000+00:00,74011.39,74015.99,+0.0062,UP,1
2026-05-30T17:55:00+00:00,2026-05-30T17:59:59.999000+00:00,74015.99,74020.07,+0.0055,UP,1
2026-05-30T18:00:00+00:00,2026-05-30T18:04:59.999000+00:00,74020.06,74027.23,+0.0097,UP,1
2026-05-30T18:05:00+00:00,2026-05-30T18:09:59.999000+00:00,74027.23,74018.33,-0.0120,DOWN,1
2026-05-30T18:10:00+00:00,2026-05-30T18:14:59.999000+00:00,74018.34,74018.26,-0.0001,DOWN,1
2026-05-30T18:15:00+00:00,2026-05-30T18:19:59.999000+00:00,74018.26,74059.98,+0.0564,UP,1
2026-05-30T18:20:00+00:00,2026-05-30T18:24:59.999000+00:00,74059.99,74038.04,-0.0296,DOWN,1
2026-05-30T18:25:00+00:00,2026-05-30T18:29:59.999000+00:00,74038.04,73969.36,-0.0928,DOWN,1
2026-05-30T18:30:00+00:00,2026-05-30T18:34:59.999000+00:00,73969.37,74035.98,+0.0901,UP,1
2026-05-30T18:35:00+00:00,2026-05-30T18:39:59.999000+00:00,74035.98,74053.33,+0.0234,UP,1
2026-05-30T18:40:00+00:00,2026-05-30T18:44:59.999000+00:00,74053.33,74095.74,+0.0573,UP,1
2026-05-30T18:45:00+00:00,2026-05-30T18:49:59.999000+00:00,74095.73,74047.62,-0.0649,DOWN,1
2026-05-30T18:50:00+00:00,2026-05-30T18:54:59.999000+00:00,74047.63,74020.00,-0.0373,DOWN,1
2026-05-30T18:55:00+00:00,2026-05-30T18:59:59.999000+00:00,74019.99,74043.38,+0.0316,UP,1
2026-05-30T19:00:00+00:00,2026-05-30T19:04:59.999000+00:00,74043.39,74043.80,+0.0006,UP,1
2026-05-30T19:05:00+00:00,2026-05-30T19:09:59.999000+00:00,74043.81,74010.46,-0.0450,DOWN,1
2026-05-30T19:10:00+00:00,2026-05-30T19:14:59.999000+00:00,74010.47,74040.71,+0.0409,UP,1
2026-05-30T19:15:00+00:00,2026-05-30T19:19:59.999000+00:00,74040.71,74050.95,+0.0138,UP,1
2026-05-30T19:20:00+00:00,2026-05-30T19:24:59.999000+00:00,74050.94,74011.16,-0.0537,DOWN,1
2026-05-30T19:25:00+00:00,2026-05-30T19:29:59.999000+00:00,74011.15,73993.76,-0.0235,DOWN,1
2026-05-30T19:30:00+00:00,2026-05-30T19:34:59.999000+00:00,73993.76,73992.34,-0.0019,DOWN,1
2026-05-30T19:35:00+00:00,2026-05-30T19:39:59.999000+00:00,73992.35,74040.02,+0.0644,UP,1
2026-05-30T19:40:00+00:00,2026-05-30T19:44:59.999000+00:00,74040.02,74017.96,-0.0298,DOWN,1
2026-05-30T19:45:00+00:00,2026-05-30T19:49:59.999000+00:00,74017.97,74062.09,+0.0596,UP,1
2026-05-30T19:50:00+00:00,2026-05-30T19:54:59.999000+00:00,74062.10,74031.44,-0.0414,DOWN,1
2026-05-30T19:55:00+00:00,2026-05-30T19:59:59.999000+00:00,74031.45,74016.65,-0.0200,DOWN,1
2026-05-30T20:00:00+00:00,2026-05-30T20:04:59.999000+00:00,74016.64,73938.01,-0.1062,DOWN,1
2026-05-30T20:05:00+00:00,2026-05-30T20:09:59.999000+00:00,73938.00,73985.99,+0.0649,UP,1
2026-05-30T20:10:00+00:00,2026-05-30T20:14:59.999000+00:00,73985.99,73961.24,-0.0335,DOWN,1
2026-05-30T20:15:00+00:00,2026-05-30T20:19:59.999000+00:00,73961.25,73965.64,+0.0059,UP,1
2026-05-30T20:20:00+00:00,2026-05-30T20:24:59.999000+00:00,73965.65,73966.29,+0.0009,UP,1
2026-05-30T20:25:00+00:00,2026-05-30T20:29:59.999000+00:00,73966.29,73966.29,+0.0000,UP,1
2026-05-30T20:30:00+00:00,2026-05-30T20:34:59.999000+00:00,73966.29,73950.00,-0.0220,DOWN,1
2026-05-30T20:35:00+00:00,2026-05-30T20:39:59.999000+00:00,73950.00,73941.74,-0.0112,DOWN,1
2026-05-30T20:40:00+00:00,2026-05-30T20:44:59.999000+00:00,73941.74,73932.90,-0.0120,DOWN,1
2026-05-30T20:45:00+00:00,2026-05-30T20:49:59.999000+00:00,73932.89,73935.09,+0.0030,UP,1
2026-05-30T20:50:00+00:00,2026-05-30T20:54:59.999000+00:00,73935.09,73966.69,+0.0427,UP,1
2026-05-30T20:55:00+00:00,2026-05-30T20:59:59.999000+00:00,73966.69,73979.84,+0.0178,UP,1
2026-05-30T21:00:00+00:00,2026-05-30T21:04:59.999000+00:00,73979.85,73977.77,-0.0028,DOWN,1
2026-05-30T21:05:00+00:00,2026-05-30T21:09:59.999000+00:00,73977.77,73977.77,+0.0000,UP,1
2026-05-30T21:10:00+00:00,2026-05-30T21:14:59.999000+00:00,73977.76,73988.20,+0.0141,UP,1
2026-05-30T21:15:00+00:00,2026-05-30T21:19:59.999000+00:00,73988.20,73984.95,-0.0044,DOWN,1
2026-05-30T21:20:00+00:00,2026-05-30T21:24:59.999000+00:00,73984.95,73996.05,+0.0150,UP,1
2026-05-30T21:25:00+00:00,2026-05-30T21:29:59.999000+00:00,73996.06,73992.11,-0.0053,DOWN,1
2026-05-30T21:30:00+00:00,2026-05-30T21:34:59.999000+00:00,73992.11,73984.09,-0.0108,DOWN,1
2026-05-30T21:35:00+00:00,2026-05-30T21:39:59.999000+00:00,73984.09,73983.01,-0.0015,DOWN,1
2026-05-30T21:40:00+00:00,2026-05-30T21:44:59.999000+00:00,73983.01,73978.20,-0.0065,DOWN,1
2026-05-30T21:45:00+00:00,2026-05-30T21:49:59.999000+00:00,73978.20,73952.83,-0.0343,DOWN,1
2026-05-30T21:50:00+00:00,2026-05-30T21:54:59.999000+00:00,73952.83,73969.68,+0.0228,UP,1
2026-05-30T21:55:00+00:00,2026-05-30T21:59:59.999000+00:00,73969.68,73981.99,+0.0166,UP,1
2026-05-30T22:00:00+00:00,2026-05-30T22:04:59.999000+00:00,73981.99,73868.56,-0.1533,DOWN,1
2026-05-30T22:05:00+00:00,2026-05-30T22:09:59.999000+00:00,73868.56,73895.87,+0.0370,UP,1
2026-05-30T22:10:00+00:00,2026-05-30T22:14:59.999000+00:00,73895.88,73890.00,-0.0080,DOWN,1
2026-05-30T22:15:00+00:00,2026-05-30T22:19:59.999000+00:00,73890.00,73884.52,-0.0074,DOWN,1
2026-05-30T22:20:00+00:00,2026-05-30T22:24:59.999000+00:00,73884.53,73893.84,+0.0126,UP,1
2026-05-30T22:25:00+00:00,2026-05-30T22:29:59.999000+00:00,73893.85,73898.00,+0.0056,UP,1
2026-05-30T22:30:00+00:00,2026-05-30T22:34:59.999000+00:00,73898.00,73893.08,-0.0067,DOWN,1
2026-05-30T22:35:00+00:00,2026-05-30T22:39:59.999000+00:00,73893.08,73829.64,-0.0859,DOWN,1
2026-05-30T22:40:00+00:00,2026-05-30T22:44:59.999000+00:00,73829.64,73805.99,-0.0320,DOWN,1
2026-05-30T22:45:00+00:00,2026-05-30T22:49:59.999000+00:00,73805.99,73857.23,+0.0694,UP,1
2026-05-30T22:50:00+00:00,2026-05-30T22:54:59.999000+00:00,73857.23,73857.23,+0.0000,UP,1
2026-05-30T22:55:00+00:00,2026-05-30T22:59:59.999000+00:00,73857.23,73883.30,+0.0353,UP,1
2026-05-30T23:00:00+00:00,2026-05-30T23:04:59.999000+00:00,73883.30,73986.51,+0.1397,UP,1
2026-05-30T23:05:00+00:00,2026-05-30T23:09:59.999000+00:00,73986.52,73929.64,-0.0769,DOWN,1
2026-05-30T23:10:00+00:00,2026-05-30T23:14:59.999000+00:00,73929.64,73848.74,-0.1094,DOWN,1
2026-05-30T23:15:00+00:00,2026-05-30T23:19:59.999000+00:00,73848.74,73873.21,+0.0331,UP,1
2026-05-30T23:20:00+00:00,2026-05-30T23:24:59.999000+00:00,73873.22,73843.37,-0.0404,DOWN,1
2026-05-30T23:25:00+00:00,2026-05-30T23:29:59.999000+00:00,73843.37,73838.00,-0.0073,DOWN,1
2026-05-30T23:30:00+00:00,2026-05-30T23:34:59.999000+00:00,73838.00,73817.13,-0.0283,DOWN,1
2026-05-30T23:35:00+00:00,2026-05-30T23:39:59.999000+00:00,73817.13,73793.12,-0.0325,DOWN,1
2026-05-30T23:40:00+00:00,2026-05-30T23:44:59.999000+00:00,73793.13,73798.35,+0.0071,UP,1
2026-05-30T23:45:00+00:00,2026-05-30T23:49:59.999000+00:00,73798.35,73840.00,+0.0564,UP,1
2026-05-30T23:50:00+00:00,2026-05-30T23:54:59.999000+00:00,73840.00,73865.33,+0.0343,UP,1
2026-05-30T23:55:00+00:00,2026-05-30T23:59:59.999000+00:00,73865.32,73884.38,+0.0258,UP,1
2026-05-31T00:00:00+00:00,2026-05-31T00:04:59.999000+00:00,73884.38,73876.31,-0.0109,DOWN,1
2026-05-31T00:05:00+00:00,2026-05-31T00:09:59.999000+00:00,73876.31,73883.09,+0.0092,UP,1
2026-05-31T00:10:00+00:00,2026-05-31T00:14:59.999000+00:00,73883.08,73880.00,-0.0042,DOWN,1
2026-05-31T00:15:00+00:00,2026-05-31T00:19:59.999000+00:00,73879.99,73893.06,+0.0177,UP,1
2026-05-31T00:20:00+00:00,2026-05-31T00:24:59.999000+00:00,73893.07,73971.31,+0.1059,UP,1
2026-05-31T00:25:00+00:00,2026-05-31T00:29:59.999000+00:00,73971.31,73967.81,-0.0047,DOWN,1
2026-05-31T00:30:00+00:00,2026-05-31T00:34:59.999000+00:00,73967.81,74020.23,+0.0709,UP,1
2026-05-31T00:35:00+00:00,2026-05-31T00:39:59.999000+00:00,74020.22,73952.00,-0.0922,DOWN,1
2026-05-31T00:40:00+00:00,2026-05-31T00:44:59.999000+00:00,73952.00,73953.46,+0.0020,UP,1
2026-05-31T00:45:00+00:00,2026-05-31T00:49:59.999000+00:00,73953.47,73925.20,-0.0382,DOWN,1
2026-05-31T00:50:00+00:00,2026-05-31T00:54:59.999000+00:00,73925.21,74022.43,+0.1315,UP,1
2026-05-31T00:55:00+00:00,2026-05-31T00:59:59.999000+00:00,74022.43,74038.20,+0.0213,UP,1
2026-05-31T01:00:00+00:00,2026-05-31T01:04:59.999000+00:00,74038.20,74108.01,+0.0943,UP,1
2026-05-31T01:05:00+00:00,2026-05-31T01:09:59.999000+00:00,74108.01,74109.00,+0.0013,UP,1
2026-05-31T01:10:00+00:00,2026-05-31T01:14:59.999000+00:00,74108.99,74137.99,+0.0391,UP,1
2026-05-31T01:15:00+00:00,2026-05-31T01:19:59.999000+00:00,74137.99,74177.19,+0.0529,UP,1
2026-05-31T01:20:00+00:00,2026-05-31T01:24:59.999000+00:00,74177.18,74274.00,+0.1305,UP,1
2026-05-31T01:25:00+00:00,2026-05-31T01:29:59.999000+00:00,74273.99,74097.16,-0.2381,DOWN,1
2026-05-31T01:30:00+00:00,2026-05-31T01:34:59.999000+00:00,74097.16,74194.73,+0.1317,UP,1
2026-05-31T01:35:00+00:00,2026-05-31T01:39:59.999000+00:00,74194.73,74143.99,-0.0684,DOWN,1
2026-05-31T01:40:00+00:00,2026-05-31T01:44:59.999000+00:00,74143.01,74074.06,-0.0930,DOWN,1
2026-05-31T01:45:00+00:00,2026-05-31T01:49:59.999000+00:00,74074.06,74107.01,+0.0445,UP,1
2026-05-31T01:50:00+00:00,2026-05-31T01:54:59.999000+00:00,74107.02,74063.15,-0.0592,DOWN,1
2026-05-31T01:55:00+00:00,2026-05-31T01:59:59.999000+00:00,74063.15,74058.01,-0.0069,DOWN,1
2026-05-31T02:00:00+00:00,2026-05-31T02:04:59.999000+00:00,74058.01,74081.98,+0.0324,UP,1
2026-05-31T02:05:00+00:00,2026-05-31T02:09:59.999000+00:00,74081.97,74107.04,+0.0338,UP,1
2026-05-31T02:10:00+00:00,2026-05-31T02:14:59.999000+00:00,74107.04,74166.00,+0.0796,UP,1
2026-05-31T02:15:00+00:00,2026-05-31T02:19:59.999000+00:00,74166.00,74184.01,+0.0243,UP,1
2026-05-31T02:20:00+00:00,2026-05-31T02:24:59.999000+00:00,74184.00,74150.00,-0.0458,DOWN,1
2026-05-31T02:25:00+00:00,2026-05-31T02:29:59.999000+00:00,74150.00,73970.01,-0.2427,DOWN,1
2026-05-31T02:30:00+00:00,2026-05-31T02:34:59.999000+00:00,73970.01,73890.50,-0.1075,DOWN,1
2026-05-31T02:35:00+00:00,2026-05-31T02:39:59.999000+00:00,73890.50,73945.50,+0.0744,UP,1
2026-05-31T02:40:00+00:00,2026-05-31T02:44:59.999000+00:00,73945.49,73972.00,+0.0359,UP,1
2026-05-31T02:45:00+00:00,2026-05-31T02:49:59.999000+00:00,73972.00,73986.40,+0.0195,UP,1
2026-05-31T02:50:00+00:00,2026-05-31T02:54:59.999000+00:00,73986.39,73992.14,+0.0078,UP,1
2026-05-31T02:55:00+00:00,2026-05-31T02:59:59.999000+00:00,73992.14,74090.84,+0.1334,UP,1
2026-05-31T03:00:00+00:00,2026-05-31T03:04:59.999000+00:00,74090.84,74099.62,+0.0119,UP,1
2026-05-31T03:05:00+00:00,2026-05-31T03:09:59.999000+00:00,74099.61,74093.15,-0.0087,DOWN,1
2026-05-31T03:10:00+00:00,2026-05-31T03:14:59.999000+00:00,74093.15,74153.99,+0.0821,UP,1
2026-05-31T03:15:00+00:00,2026-05-31T03:19:59.999000+00:00,74153.99,74156.67,+0.0036,UP,1
2026-05-31T03:20:00+00:00,2026-05-31T03:24:59.999000+00:00,74156.67,74185.99,+0.0395,UP,1
2026-05-31T03:25:00+00:00,2026-05-31T03:29:59.999000+00:00,74185.99,74214.76,+0.0388,UP,1
2026-05-31T03:30:00+00:00,2026-05-31T03:34:59.999000+00:00,74214.76,74226.77,+0.0162,UP,1
2026-05-31T03:35:00+00:00,2026-05-31T03:39:59.999000+00:00,74226.77,74154.76,-0.0970,DOWN,1
2026-05-31T03:40:00+00:00,2026-05-31T03:44:59.999000+00:00,74154.76,74168.00,+0.0179,UP,1
2026-05-31T03:45:00+00:00,2026-05-31T03:49:59.999000+00:00,74168.00,74183.47,+0.0209,UP,1
2026-05-31T03:50:00+00:00,2026-05-31T03:54:59.999000+00:00,74183.48,74165.66,-0.0240,DOWN,1
2026-05-31T03:55:00+00:00,2026-05-31T03:59:59.999000+00:00,74165.67,74150.64,-0.0203,DOWN,1
2026-05-31T04:00:00+00:00,2026-05-31T04:04:59.999000+00:00,74150.64,74162.57,+0.0161,UP,1
2026-05-31T04:05:00+00:00,2026-05-31T04:09:59.999000+00:00,74162.57,74145.00,-0.0237,DOWN,1
2026-05-31T04:10:00+00:00,2026-05-31T04:14:59.999000+00:00,74145.01,74118.00,-0.0364,DOWN,1
2026-05-31T04:15:00+00:00,2026-05-31T04:19:59.999000+00:00,74118.01,74138.39,+0.0275,UP,1
2026-05-31T04:20:00+00:00,2026-05-31T04:24:59.999000+00:00,74138.39,74191.01,+0.0710,UP,1
2026-05-31T04:25:00+00:00,2026-05-31T04:29:59.999000+00:00,74191.01,74182.48,-0.0115,DOWN,1
2026-05-31T04:30:00+00:00,2026-05-31T04:34:59.999000+00:00,74182.49,74151.21,-0.0422,DOWN,1
2026-05-31T04:35:00+00:00,2026-05-31T04:39:59.999000+00:00,74151.21,74190.00,+0.0523,UP,1
2026-05-31T04:40:00+00:00,2026-05-31T04:44:59.999000+00:00,74189.99,74197.92,+0.0107,UP,1
2026-05-31T04:45:00+00:00,2026-05-31T04:49:59.999000+00:00,74197.92,74207.84,+0.0134,UP,1
2026-05-31T04:50:00+00:00,2026-05-31T04:54:59.999000+00:00,74207.84,74188.56,-0.0260,DOWN,1
2026-05-31T04:55:00+00:00,2026-05-31T04:59:59.999000+00:00,74188.57,74178.40,-0.0137,DOWN,1
2026-05-31T05:00:00+00:00,2026-05-31T05:04:59.999000+00:00,74178.41,74188.00,+0.0129,UP,1
2026-05-31T05:05:00+00:00,2026-05-31T05:09:59.999000+00:00,74188.00,74191.83,+0.0052,UP,1
2026-05-31T05:10:00+00:00,2026-05-31T05:14:59.999000+00:00,74191.83,74176.63,-0.0205,DOWN,1
2026-05-31T05:15:00+00:00,2026-05-31T05:19:59.999000+00:00,74176.64,74175.69,-0.0013,DOWN,1
2026-05-31T05:20:00+00:00,2026-05-31T05:24:59.999000+00:00,74175.69,74170.04,-0.0076,DOWN,1
2026-05-31T05:25:00+00:00,2026-05-31T05:29:59.999000+00:00,74170.04,74165.99,-0.0055,DOWN,1
2026-05-31T05:30:00+00:00,2026-05-31T05:34:59.999000+00:00,74166.00,74144.78,-0.0286,DOWN,1
2026-05-31T05:35:00+00:00,2026-05-31T05:39:59.999000+00:00,74144.78,74121.00,-0.0321,DOWN,1
2026-05-31T05:40:00+00:00,2026-05-31T05:44:59.999000+00:00,74121.00,74112.22,-0.0118,DOWN,1
2026-05-31T05:45:00+00:00,2026-05-31T05:49:59.999000+00:00,74112.23,74097.51,-0.0199,DOWN,1
2026-05-31T05:50:00+00:00,2026-05-31T05:54:59.999000+00:00,74097.50,74060.28,-0.0502,DOWN,1
2026-05-31T05:55:00+00:00,2026-05-31T05:59:59.999000+00:00,74060.28,74055.98,-0.0058,DOWN,1
2026-05-31T06:00:00+00:00,2026-05-31T06:04:59.999000+00:00,74055.99,74008.95,-0.0635,DOWN,1
2026-05-31T06:05:00+00:00,2026-05-31T06:09:59.999000+00:00,74008.96,73999.00,-0.0135,DOWN,1
2026-05-31T06:10:00+00:00,2026-05-31T06:14:59.999000+00:00,73999.00,74000.00,+0.0014,UP,1
2026-05-31T06:15:00+00:00,2026-05-31T06:19:59.999000+00:00,74000.00,74026.00,+0.0351,UP,1
2026-05-31T06:20:00+00:00,2026-05-31T06:24:59.999000+00:00,74025.99,74028.07,+0.0028,UP,1
2026-05-31T06:25:00+00:00,2026-05-31T06:29:59.999000+00:00,74028.06,74013.52,-0.0196,DOWN,1
2026-05-31T06:30:00+00:00,2026-05-31T06:34:59.999000+00:00,74013.52,74079.99,+0.0898,UP,1
2026-05-31T06:35:00+00:00,2026-05-31T06:39:59.999000+00:00,74080.00,74087.82,+0.0106,UP,1
2026-05-31T06:40:00+00:00,2026-05-31T06:44:59.999000+00:00,74087.83,74068.00,-0.0268,DOWN,1
2026-05-31T06:45:00+00:00,2026-05-31T06:49:59.999000+00:00,74068.00,74074.19,+0.0084,UP,1
2026-05-31T06:50:00+00:00,2026-05-31T06:54:59.999000+00:00,74074.20,74061.00,-0.0178,DOWN,1
2026-05-31T06:55:00+00:00,2026-05-31T06:59:59.999000+00:00,74061.00,74054.87,-0.0083,DOWN,1
2026-05-31T07:00:00+00:00,2026-05-31T07:04:59.999000+00:00,74054.86,73989.84,-0.0878,DOWN,1
2026-05-31T07:05:00+00:00,2026-05-31T07:09:59.999000+00:00,73989.85,74008.00,+0.0245,UP,1
2026-05-31T07:10:00+00:00,2026-05-31T07:14:59.999000+00:00,74008.00,73964.33,-0.0590,DOWN,1
2026-05-31T07:15:00+00:00,2026-05-31T07:19:59.999000+00:00,73964.34,73951.95,-0.0168,DOWN,1
2026-05-31T07:20:00+00:00,2026-05-31T07:24:59.999000+00:00,73951.95,73894.01,-0.0783,DOWN,1
2026-05-31T07:25:00+00:00,2026-05-31T07:29:59.999000+00:00,73894.00,73892.37,-0.0022,DOWN,1
2026-05-31T07:30:00+00:00,2026-05-31T07:34:59.999000+00:00,73892.37,73847.30,-0.0610,DOWN,1
2026-05-31T07:35:00+00:00,2026-05-31T07:39:59.999000+00:00,73847.30,73840.77,-0.0088,DOWN,1
2026-05-31T07:40:00+00:00,2026-05-31T07:44:59.999000+00:00,73840.78,73853.46,+0.0172,UP,1
2026-05-31T07:45:00+00:00,2026-05-31T07:49:59.999000+00:00,73853.46,73865.06,+0.0157,UP,1
2026-05-31T07:50:00+00:00,2026-05-31T07:54:59.999000+00:00,73865.05,73896.19,+0.0422,UP,1
2026-05-31T07:55:00+00:00,2026-05-31T07:59:59.999000+00:00,73896.19,73871.24,-0.0338,DOWN,1
2026-05-31T08:00:00+00:00,2026-05-31T08:04:59.999000+00:00,73871.25,73943.34,+0.0976,UP,1
2026-05-31T08:05:00+00:00,2026-05-31T08:09:59.999000+00:00,73943.33,73883.88,-0.0804,DOWN,1
2026-05-31T08:10:00+00:00,2026-05-31T08:14:59.999000+00:00,73883.87,73906.13,+0.0301,UP,1
2026-05-31T08:15:00+00:00,2026-05-31T08:19:59.999000+00:00,73906.14,73940.48,+0.0465,UP,1
2026-05-31T08:20:00+00:00,2026-05-31T08:24:59.999000+00:00,73940.47,73975.63,+0.0476,UP,1
2026-05-31T08:25:00+00:00,2026-05-31T08:29:59.999000+00:00,73975.62,73976.53,+0.0012,UP,1
2026-05-31T08:30:00+00:00,2026-05-31T08:34:59.999000+00:00,73976.53,73906.80,-0.0943,DOWN,1
2026-05-31T08:35:00+00:00,2026-05-31T08:39:59.999000+00:00,73906.79,73886.02,-0.0281,DOWN,1
2026-05-31T08:40:00+00:00,2026-05-31T08:44:59.999000+00:00,73886.02,73890.00,+0.0054,UP,1
2026-05-31T08:45:00+00:00,2026-05-31T08:49:59.999000+00:00,73890.01,73857.99,-0.0433,DOWN,1
2026-05-31T08:50:00+00:00,2026-05-31T08:54:59.999000+00:00,73858.00,73895.22,+0.0504,UP,1
2026-05-31T08:55:00+00:00,2026-05-31T08:59:59.999000+00:00,73895.21,73937.61,+0.0574,UP,1
2026-05-31T09:00:00+00:00,2026-05-31T09:04:59.999000+00:00,73937.62,73868.57,-0.0934,DOWN,1
2026-05-31T09:05:00+00:00,2026-05-31T09:09:59.999000+00:00,73868.57,73907.36,+0.0525,UP,1
2026-05-31T09:10:00+00:00,2026-05-31T09:14:59.999000+00:00,73907.37,73889.99,-0.0235,DOWN,1
2026-05-31T09:15:00+00:00,2026-05-31T09:19:59.999000+00:00,73889.99,73974.66,+0.1146,UP,1
2026-05-31T09:20:00+00:00,2026-05-31T09:24:59.999000+00:00,73974.67,73942.40,-0.0436,DOWN,1
2026-05-31T09:25:00+00:00,2026-05-31T09:29:59.999000+00:00,73942.40,73955.97,+0.0184,UP,1
2026-05-31T09:30:00+00:00,2026-05-31T09:34:59.999000+00:00,73955.98,73956.68,+0.0009,UP,1
2026-05-31T09:35:00+00:00,2026-05-31T09:39:59.999000+00:00,73956.69,73969.99,+0.0180,UP,1
2026-05-31T09:40:00+00:00,2026-05-31T09:44:59.999000+00:00,73969.99,73982.57,+0.0170,UP,1
2026-05-31T09:45:00+00:00,2026-05-31T09:49:59.999000+00:00,73982.56,73995.11,+0.0170,UP,1
2026-05-31T09:50:00+00:00,2026-05-31T09:54:59.999000+00:00,73995.10,73894.82,-0.1355,DOWN,1
2026-05-31T09:55:00+00:00,2026-05-31T09:59:59.999000+00:00,73894.82,73841.79,-0.0718,DOWN,1
2026-05-31T10:00:00+00:00,2026-05-31T10:04:59.999000+00:00,73841.79,73845.58,+0.0051,UP,1
2026-05-31T10:05:00+00:00,2026-05-31T10:09:59.999000+00:00,73845.58,73851.55,+0.0081,UP,1
2026-05-31T10:10:00+00:00,2026-05-31T10:14:59.999000+00:00,73851.55,73855.14,+0.0049,UP,1
2026-05-31T10:15:00+00:00,2026-05-31T10:19:59.999000+00:00,73855.14,73810.64,-0.0603,DOWN,1
2026-05-31T10:20:00+00:00,2026-05-31T10:24:59.999000+00:00,73810.64,73758.67,-0.0704,DOWN,1
2026-05-31T10:25:00+00:00,2026-05-31T10:29:59.999000+00:00,73758.67,73801.84,+0.0585,UP,1
2026-05-31T10:30:00+00:00,2026-05-31T10:34:59.999000+00:00,73801.84,73833.99,+0.0436,UP,1
2026-05-31T10:35:00+00:00,2026-05-31T10:39:59.999000+00:00,73834.00,73839.54,+0.0075,UP,1
2026-05-31T10:40:00+00:00,2026-05-31T10:44:59.999000+00:00,73839.53,73840.92,+0.0019,UP,1
2026-05-31T10:45:00+00:00,2026-05-31T10:49:59.999000+00:00,73840.92,73840.00,-0.0012,DOWN,1
2026-05-31T10:50:00+00:00,2026-05-31T10:54:59.999000+00:00,73840.00,73865.60,+0.0347,UP,1
2026-05-31T10:55:00+00:00,2026-05-31T10:59:59.999000+00:00,73865.61,73900.00,+0.0466,UP,1
2026-05-31T11:00:00+00:00,2026-05-31T11:04:59.999000+00:00,73900.00,73912.84,+0.0174,UP,1
2026-05-31T11:05:00+00:00,2026-05-31T11:09:59.999000+00:00,73912.84,73920.09,+0.0098,UP,1
2026-05-31T11:10:00+00:00,2026-05-31T11:14:59.999000+00:00,73920.08,73907.98,-0.0164,DOWN,1
2026-05-31T11:15:00+00:00,2026-05-31T11:19:59.999000+00:00,73907.98,73914.67,+0.0091,UP,1
2026-05-31T11:20:00+00:00,2026-05-31T11:24:59.999000+00:00,73914.67,73915.99,+0.0018,UP,1
2026-05-31T11:25:00+00:00,2026-05-31T11:29:59.999000+00:00,73916.00,73971.31,+0.0748,UP,1
2026-05-31T11:30:00+00:00,2026-05-31T11:34:59.999000+00:00,73971.31,73926.10,-0.0611,DOWN,1
2026-05-31T11:35:00+00:00,2026-05-31T11:39:59.999000+00:00,73926.11,73950.04,+0.0324,UP,1
2026-05-31T11:40:00+00:00,2026-05-31T11:44:59.999000+00:00,73950.05,73959.29,+0.0125,UP,1
2026-05-31T11:45:00+00:00,2026-05-31T11:49:59.999000+00:00,73959.30,73925.33,-0.0459,DOWN,1
2026-05-31T11:50:00+00:00,2026-05-31T11:54:59.999000+00:00,73925.34,73940.17,+0.0201,UP,1
2026-05-31T11:55:00+00:00,2026-05-31T11:59:59.999000+00:00,73940.17,73937.79,-0.0032,DOWN,1
2026-05-31T12:00:00+00:00,2026-05-31T12:04:59.999000+00:00,73937.63,73874.00,-0.0861,DOWN,1
2026-05-31T12:05:00+00:00,2026-05-31T12:09:59.999000+00:00,73874.00,73900.02,+0.0352,UP,1
2026-05-31T12:10:00+00:00,2026-05-31T12:14:59.999000+00:00,73900.02,73917.99,+0.0243,UP,1
2026-05-31T12:15:00+00:00,2026-05-31T12:19:59.999000+00:00,73918.00,73992.37,+0.1006,UP,1
2026-05-31T12:20:00+00:00,2026-05-31T12:24:59.999000+00:00,73992.36,73933.36,-0.0797,DOWN,1
2026-05-31T12:25:00+00:00,2026-05-31T12:29:59.999000+00:00,73933.35,73933.21,-0.0002,DOWN,1
2026-05-31T12:30:00+00:00,2026-05-31T12:34:59.999000+00:00,73933.21,73906.01,-0.0368,DOWN,1
2026-05-31T12:35:00+00:00,2026-05-31T12:39:59.999000+00:00,73906.01,73941.00,+0.0473,UP,1
2026-05-31T12:40:00+00:00,2026-05-31T12:44:59.999000+00:00,73941.01,73974.89,+0.0458,UP,1
2026-05-31T12:45:00+00:00,2026-05-31T12:49:59.999000+00:00,73974.88,73956.48,-0.0249,DOWN,1
2026-05-31T12:50:00+00:00,2026-05-31T12:54:59.999000+00:00,73956.48,73893.47,-0.0852,DOWN,1
2026-05-31T12:55:00+00:00,2026-05-31T12:59:59.999000+00:00,73893.46,73920.00,+0.0359,UP,1
2026-05-31T13:00:00+00:00,2026-05-31T13:04:59.999000+00:00,73920.00,73888.80,-0.0422,DOWN,1
2026-05-31T13:05:00+00:00,2026-05-31T13:09:59.999000+00:00,73888.81,73919.99,+0.0422,UP,1
2026-05-31T13:10:00+00:00,2026-05-31T13:14:59.999000+00:00,73919.99,73948.21,+0.0382,UP,1
2026-05-31T13:15:00+00:00,2026-05-31T13:19:59.999000+00:00,73948.21,73984.00,+0.0484,UP,1
2026-05-31T13:20:00+00:00,2026-05-31T13:24:59.999000+00:00,73984.00,73982.02,-0.0027,DOWN,1
2026-05-31T13:25:00+00:00,2026-05-31T13:29:59.999000+00:00,73982.02,73961.16,-0.0282,DOWN,1
2026-05-31T13:30:00+00:00,2026-05-31T13:34:59.999000+00:00,73961.17,73953.28,-0.0107,DOWN,1
2026-05-31T13:35:00+00:00,2026-05-31T13:39:59.999000+00:00,73953.29,73904.28,-0.0663,DOWN,1
2026-05-31T13:40:00+00:00,2026-05-31T13:44:59.999000+00:00,73904.29,73896.64,-0.0104,DOWN,1
2026-05-31T13:45:00+00:00,2026-05-31T13:49:59.999000+00:00,73896.64,73866.00,-0.0415,DOWN,1
2026-05-31T13:50:00+00:00,2026-05-31T13:54:59.999000+00:00,73866.00,73868.61,+0.0035,UP,1
2026-05-31T13:55:00+00:00,2026-05-31T13:59:59.999000+00:00,73868.60,73872.80,+0.0057,UP,1
2026-05-31T14:00:00+00:00,2026-05-31T14:04:59.999000+00:00,73872.80,73805.95,-0.0905,DOWN,1
2026-05-31T14:05:00+00:00,2026-05-31T14:09:59.999000+00:00,73805.96,73860.01,+0.0732,UP,1
2026-05-31T14:10:00+00:00,2026-05-31T14:14:59.999000+00:00,73860.00,73719.41,-0.1903,DOWN,1
2026-05-31T14:15:00+00:00,2026-05-31T14:19:59.999000+00:00,73719.40,73583.99,-0.1837,DOWN,1
2026-05-31T14:20:00+00:00,2026-05-31T14:24:59.999000+00:00,73583.99,73581.75,-0.0030,DOWN,1
2026-05-31T14:25:00+00:00,2026-05-31T14:29:59.999000+00:00,73581.76,73582.78,+0.0014,UP,1
2026-05-31T14:30:00+00:00,2026-05-31T14:34:59.999000+00:00,73582.79,73677.98,+0.1294,UP,1
2026-05-31T14:35:00+00:00,2026-05-31T14:39:59.999000+00:00,73677.99,73680.98,+0.0041,UP,1
2026-05-31T14:40:00+00:00,2026-05-31T14:44:59.999000+00:00,73680.98,73615.95,-0.0883,DOWN,1
2026-05-31T14:45:00+00:00,2026-05-31T14:49:59.999000+00:00,73615.95,73655.98,+0.0544,UP,1
2026-05-31T14:50:00+00:00,2026-05-31T14:54:59.999000+00:00,73655.99,73691.99,+0.0489,UP,1
2026-05-31T14:55:00+00:00,2026-05-31T14:59:59.999000+00:00,73691.99,73602.17,-0.1219,DOWN,1
2026-05-31T15:00:00+00:00,2026-05-31T15:04:59.999000+00:00,73602.18,73614.89,+0.0173,UP,1
2026-05-31T15:05:00+00:00,2026-05-31T15:09:59.999000+00:00,73614.88,73652.78,+0.0515,UP,1
2026-05-31T15:10:00+00:00,2026-05-31T15:14:59.999000+00:00,73652.78,73677.18,+0.0331,UP,1
2026-05-31T15:15:00+00:00,2026-05-31T15:19:59.999000+00:00,73677.18,73687.22,+0.0136,UP,1
2026-05-31T15:20:00+00:00,2026-05-31T15:24:59.999000+00:00,73687.22,73742.00,+0.0743,UP,1
2026-05-31T15:25:00+00:00,2026-05-31T15:29:59.999000+00:00,73742.00,73748.67,+0.0090,UP,1
2026-05-31T15:30:00+00:00,2026-05-31T15:34:59.999000+00:00,73748.66,73752.23,+0.0048,UP,1
2026-05-31T15:35:00+00:00,2026-05-31T15:39:59.999000+00:00,73752.23,73718.81,-0.0453,DOWN,1
2026-05-31T15:40:00+00:00,2026-05-31T15:44:59.999000+00:00,73718.81,73638.46,-0.1090,DOWN,1
2026-05-31T15:45:00+00:00,2026-05-31T15:49:59.999000+00:00,73638.47,73647.01,+0.0116,UP,1
2026-05-31T15:50:00+00:00,2026-05-31T15:54:59.999000+00:00,73647.00,73656.00,+0.0122,UP,1
2026-05-31T15:55:00+00:00,2026-05-31T15:59:59.999000+00:00,73656.00,73655.21,-0.0011,DOWN,1
2026-05-31T16:00:00+00:00,2026-05-31T16:04:59.999000+00:00,73655.20,73688.99,+0.0459,UP,1
2026-05-31T16:05:00+00:00,2026-05-31T16:09:59.999000+00:00,73689.00,73705.53,+0.0224,UP,1
2026-05-31T16:10:00+00:00,2026-05-31T16:14:59.999000+00:00,73705.54,73617.58,-0.1193,DOWN,1
2026-05-31T16:15:00+00:00,2026-05-31T16:19:59.999000+00:00,73617.58,73602.92,-0.0199,DOWN,1
2026-05-31T16:20:00+00:00,2026-05-31T16:24:59.999000+00:00,73602.92,73569.99,-0.0447,DOWN,1
2026-05-31T16:25:00+00:00,2026-05-31T16:29:59.999000+00:00,73569.99,73610.36,+0.0549,UP,1
2026-05-31T16:30:00+00:00,2026-05-31T16:34:59.999000+00:00,73610.35,73438.65,-0.2333,DOWN,1
2026-05-31T16:35:00+00:00,2026-05-31T16:39:59.999000+00:00,73438.66,73528.00,+0.1217,UP,1
2026-05-31T16:40:00+00:00,2026-05-31T16:44:59.999000+00:00,73528.01,73493.97,-0.0463,DOWN,1
2026-05-31T16:45:00+00:00,2026-05-31T16:49:59.999000+00:00,73493.97,73449.00,-0.0612,DOWN,1
2026-05-31T16:50:00+00:00,2026-05-31T16:54:59.999000+00:00,73449.00,73528.00,+0.1076,UP,1
2026-05-31T16:55:00+00:00,2026-05-31T16:59:59.999000+00:00,73528.00,73526.14,-0.0025,DOWN,1
2026-05-31T17:00:00+00:00,2026-05-31T17:04:59.999000+00:00,73526.15,73496.26,-0.0407,DOWN,1
2026-05-31T17:05:00+00:00,2026-05-31T17:09:59.999000+00:00,73496.26,73516.30,+0.0273,UP,1
2026-05-31T17:10:00+00:00,2026-05-31T17:14:59.999000+00:00,73516.19,73518.00,+0.0025,UP,1
2026-05-31T17:15:00+00:00,2026-05-31T17:19:59.999000+00:00,73517.99,73539.36,+0.0291,UP,1
2026-05-31T17:20:00+00:00,2026-05-31T17:24:59.999000+00:00,73539.36,73562.60,+0.0316,UP,1
2026-05-31T17:25:00+00:00,2026-05-31T17:29:59.999000+00:00,73562.61,73598.32,+0.0485,UP,1
2026-05-31T17:30:00+00:00,2026-05-31T17:34:59.999000+00:00,73598.32,73660.25,+0.0841,UP,1
2026-05-31T17:35:00+00:00,2026-05-31T17:39:59.999000+00:00,73660.25,73717.94,+0.0783,UP,1
2026-05-31T17:40:00+00:00,2026-05-31T17:44:59.999000+00:00,73717.93,73724.96,+0.0095,UP,1
2026-05-31T17:45:00+00:00,2026-05-31T17:49:59.999000+00:00,73724.95,73695.93,-0.0394,DOWN,1
2026-05-31T17:50:00+00:00,2026-05-31T17:54:59.999000+00:00,73695.93,73699.66,+0.0051,UP,1
2026-05-31T17:55:00+00:00,2026-05-31T17:59:59.999000+00:00,73699.66,73709.44,+0.0133,UP,1
2026-05-31T18:00:00+00:00,2026-05-31T18:04:59.999000+00:00,73709.43,73638.85,-0.0958,DOWN,1
2026-05-31T18:05:00+00:00,2026-05-31T18:09:59.999000+00:00,73638.84,73632.87,-0.0081,DOWN,1
2026-05-31T18:10:00+00:00,2026-05-31T18:14:59.999000+00:00,73632.88,73654.00,+0.0287,UP,1
2026-05-31T18:15:00+00:00,2026-05-31T18:19:59.999000+00:00,73654.00,73658.88,+0.0066,UP,1
2026-05-31T18:20:00+00:00,2026-05-31T18:24:59.999000+00:00,73658.88,73640.00,-0.0256,DOWN,1
2026-05-31T18:25:00+00:00,2026-05-31T18:29:59.999000+00:00,73640.00,73630.21,-0.0133,DOWN,1
2026-05-31T18:30:00+00:00,2026-05-31T18:34:59.999000+00:00,73630.21,73660.01,+0.0405,UP,1
2026-05-31T18:35:00+00:00,2026-05-31T18:39:59.999000+00:00,73660.00,73667.21,+0.0098,UP,1
2026-05-31T18:40:00+00:00,2026-05-31T18:44:59.999000+00:00,73667.21,73642.72,-0.0332,DOWN,1
2026-05-31T18:45:00+00:00,2026-05-31T18:49:59.999000+00:00,73642.71,73614.12,-0.0388,DOWN,1
2026-05-31T18:50:00+00:00,2026-05-31T18:54:59.999000+00:00,73614.13,73608.00,-0.0083,DOWN,1
2026-05-31T18:55:00+00:00,2026-05-31T18:59:59.999000+00:00,73608.00,73603.69,-0.0059,DOWN,1
2026-05-31T19:00:00+00:00,2026-05-31T19:04:59.999000+00:00,73603.68,73602.47,-0.0016,DOWN,1
2026-05-31T19:05:00+00:00,2026-05-31T19:09:59.999000+00:00,73602.47,73593.37,-0.0124,DOWN,1
2026-05-31T19:10:00+00:00,2026-05-31T19:14:59.999000+00:00,73593.37,73590.39,-0.0040,DOWN,1
2026-05-31T19:15:00+00:00,2026-05-31T19:19:59.999000+00:00,73590.38,73614.00,+0.0321,UP,1
2026-05-31T19:20:00+00:00,2026-05-31T19:24:59.999000+00:00,73613.99,73508.13,-0.1438,DOWN,1
2026-05-31T19:25:00+00:00,2026-05-31T19:29:59.999000+00:00,73508.12,73526.00,+0.0243,UP,1
2026-05-31T19:30:00+00:00,2026-05-31T19:34:59.999000+00:00,73526.00,73470.00,-0.0762,DOWN,1
2026-05-31T19:35:00+00:00,2026-05-31T19:39:59.999000+00:00,73469.99,73524.56,+0.0743,UP,1
2026-05-31T19:40:00+00:00,2026-05-31T19:44:59.999000+00:00,73524.56,73520.41,-0.0056,DOWN,1
2026-05-31T19:45:00+00:00,2026-05-31T19:49:59.999000+00:00,73520.41,73522.04,+0.0022,UP,1
2026-05-31T19:50:00+00:00,2026-05-31T19:54:59.999000+00:00,73522.05,73546.24,+0.0329,UP,1
2026-05-31T19:55:00+00:00,2026-05-31T19:59:59.999000+00:00,73546.24,73563.42,+0.0234,UP,1
2026-05-31T20:00:00+00:00,2026-05-31T20:04:59.999000+00:00,73563.41,73623.53,+0.0817,UP,1
2026-05-31T20:05:00+00:00,2026-05-31T20:09:59.999000+00:00,73623.53,73688.26,+0.0879,UP,1
2026-05-31T20:10:00+00:00,2026-05-31T20:14:59.999000+00:00,73688.27,73692.79,+0.0061,UP,1
2026-05-31T20:15:00+00:00,2026-05-31T20:19:59.999000+00:00,73692.79,73710.01,+0.0234,UP,1
2026-05-31T20:20:00+00:00,2026-05-31T20:24:59.999000+00:00,73710.00,73690.00,-0.0271,DOWN,1
2026-05-31T20:25:00+00:00,2026-05-31T20:29:59.999000+00:00,73690.00,73682.28,-0.0105,DOWN,1
2026-05-31T20:30:00+00:00,2026-05-31T20:34:59.999000+00:00,73682.28,73679.04,-0.0044,DOWN,1
2026-05-31T20:35:00+00:00,2026-05-31T20:39:59.999000+00:00,73679.05,73674.36,-0.0064,DOWN,1
2026-05-31T20:40:00+00:00,2026-05-31T20:44:59.999000+00:00,73674.37,73692.84,+0.0251,UP,1
2026-05-31T20:45:00+00:00,2026-05-31T20:49:59.999000+00:00,73692.83,73693.60,+0.0010,UP,1
2026-05-31T20:50:00+00:00,2026-05-31T20:54:59.999000+00:00,73693.60,73734.00,+0.0548,UP,1
2026-05-31T20:55:00+00:00,2026-05-31T20:59:59.999000+00:00,73734.00,73739.66,+0.0077,UP,1
2026-05-31T21:00:00+00:00,2026-05-31T21:04:59.999000+00:00,73739.67,73747.38,+0.0105,UP,1
2026-05-31T21:05:00+00:00,2026-05-31T21:09:59.999000+00:00,73747.60,73719.59,-0.0380,DOWN,1
2026-05-31T21:10:00+00:00,2026-05-31T21:14:59.999000+00:00,73719.58,73688.00,-0.0428,DOWN,1
2026-05-31T21:15:00+00:00,2026-05-31T21:19:59.999000+00:00,73688.00,73675.23,-0.0173,DOWN,1
2026-05-31T21:20:00+00:00,2026-05-31T21:24:59.999000+00:00,73675.24,73680.54,+0.0072,UP,1
2026-05-31T21:25:00+00:00,2026-05-31T21:29:59.999000+00:00,73680.54,73650.51,-0.0408,DOWN,1
2026-05-31T21:30:00+00:00,2026-05-31T21:34:59.999000+00:00,73650.52,73664.90,+0.0195,UP,1
2026-05-31T21:35:00+00:00,2026-05-31T21:39:59.999000+00:00,73664.90,73678.14,+0.0180,UP,1
2026-05-31T21:40:00+00:00,2026-05-31T21:44:59.999000+00:00,73678.15,73746.00,+0.0921,UP,1
2026-05-31T21:45:00+00:00,2026-05-31T21:49:59.999000+00:00,73745.99,73850.00,+0.1410,UP,1
2026-05-31T21:50:00+00:00,2026-05-31T21:54:59.999000+00:00,73850.00,73852.79,+0.0038,UP,1
2026-05-31T21:55:00+00:00,2026-05-31T21:59:59.999000+00:00,73852.79,73892.52,+0.0538,UP,1
2026-05-31T22:00:00+00:00,2026-05-31T22:04:59.999000+00:00,73892.52,73714.97,-0.2403,DOWN,1
2026-05-31T22:05:00+00:00,2026-05-31T22:09:59.999000+00:00,73714.97,73821.99,+0.1452,UP,1
2026-05-31T22:10:00+00:00,2026-05-31T22:14:59.999000+00:00,73821.99,73912.00,+0.1219,UP,1
2026-05-31T22:15:00+00:00,2026-05-31T22:19:59.999000+00:00,73911.99,73890.41,-0.0292,DOWN,1
2026-05-31T22:20:00+00:00,2026-05-31T22:24:59.999000+00:00,73890.41,73863.03,-0.0371,DOWN,1
2026-05-31T22:25:00+00:00,2026-05-31T22:29:59.999000+00:00,73863.02,73892.01,+0.0392,UP,1
2026-05-31T22:30:00+00:00,2026-05-31T22:34:59.999000+00:00,73892.00,73997.55,+0.1428,UP,1
2026-05-31T22:35:00+00:00,2026-05-31T22:39:59.999000+00:00,73997.56,73897.98,-0.1346,DOWN,1
2026-05-31T22:40:00+00:00,2026-05-31T22:44:59.999000+00:00,73897.98,73901.27,+0.0045,UP,1
2026-05-31T22:45:00+00:00,2026-05-31T22:49:59.999000+00:00,73901.27,73942.77,+0.0562,UP,1
2026-05-31T22:50:00+00:00,2026-05-31T22:54:59.999000+00:00,73942.77,73955.92,+0.0178,UP,1
2026-05-31T22:55:00+00:00,2026-05-31T22:59:59.999000+00:00,73955.93,73944.62,-0.0153,DOWN,1
2026-05-31T23:00:00+00:00,2026-05-31T23:04:59.999000+00:00,73944.62,74068.08,+0.1670,UP,1
2026-05-31T23:05:00+00:00,2026-05-31T23:09:59.999000+00:00,74068.08,73990.00,-0.1054,DOWN,1
2026-05-31T23:10:00+00:00,2026-05-31T23:14:59.999000+00:00,73990.00,73936.00,-0.0730,DOWN,1
2026-05-31T23:15:00+00:00,2026-05-31T23:19:59.999000+00:00,73936.01,73934.87,-0.0015,DOWN,1
2026-05-31T23:20:00+00:00,2026-05-31T23:24:59.999000+00:00,73934.87,73817.59,-0.1586,DOWN,1
2026-05-31T23:25:00+00:00,2026-05-31T23:29:59.999000+00:00,73817.59,73831.29,+0.0186,UP,1
2026-05-31T23:30:00+00:00,2026-05-31T23:34:59.999000+00:00,73831.29,73698.00,-0.1805,DOWN,1
2026-05-31T23:35:00+00:00,2026-05-31T23:39:59.999000+00:00,73698.00,73562.00,-0.1845,DOWN,1
2026-05-31T23:40:00+00:00,2026-05-31T23:44:59.999000+00:00,73561.99,73584.64,+0.0308,UP,1
2026-05-31T23:45:00+00:00,2026-05-31T23:49:59.999000+00:00,73584.65,73672.25,+0.1190,UP,1
2026-05-31T23:50:00+00:00,2026-05-31T23:54:59.999000+00:00,73672.25,73682.52,+0.0139,UP,1
2026-05-31T23:55:00+00:00,2026-05-31T23:59:59.999000+00:00,73682.53,73674.39,-0.0110,DOWN,1
2026-06-01T00:00:00+00:00,2026-06-01T00:04:59.999000+00:00,73674.39,73861.33,+0.2537,UP,1
2026-06-01T00:05:00+00:00,2026-06-01T00:09:59.999000+00:00,73861.33,73753.75,-0.1457,DOWN,1
2026-06-01T00:10:00+00:00,2026-06-01T00:14:59.999000+00:00,73753.74,73806.15,+0.0711,UP,1
2026-06-01T00:15:00+00:00,2026-06-01T00:19:59.999000+00:00,73806.15,73730.26,-0.1028,DOWN,1
2026-06-01T00:20:00+00:00,2026-06-01T00:24:59.999000+00:00,73730.27,73802.25,+0.0976,UP,1
2026-06-01T00:25:00+00:00,2026-06-01T00:29:59.999000+00:00,73802.25,73960.00,+0.2137,UP,1
2026-06-01T00:30:00+00:00,2026-06-01T00:34:59.999000+00:00,73960.00,73917.43,-0.0576,DOWN,1
2026-06-01T00:35:00+00:00,2026-06-01T00:39:59.999000+00:00,73917.43,73898.75,-0.0253,DOWN,1
2026-06-01T00:40:00+00:00,2026-06-01T00:44:59.999000+00:00,73898.75,73946.01,+0.0640,UP,1
2026-06-01T00:45:00+00:00,2026-06-01T00:49:59.999000+00:00,73946.00,73962.72,+0.0226,UP,1
2026-06-01T00:50:00+00:00,2026-06-01T00:54:59.999000+00:00,73962.73,73924.01,-0.0524,DOWN,1
2026-06-01T00:55:00+00:00,2026-06-01T00:59:59.999000+00:00,73924.01,73885.00,-0.0528,DOWN,1
2026-06-01T01:00:00+00:00,2026-06-01T01:04:59.999000+00:00,73885.01,73741.15,-0.1947,DOWN,1
2026-06-01T01:05:00+00:00,2026-06-01T01:09:59.999000+00:00,73741.16,73596.79,-0.1958,DOWN,1
2026-06-01T01:10:00+00:00,2026-06-01T01:14:59.999000+00:00,73596.79,73573.00,-0.0323,DOWN,1
2026-06-01T01:15:00+00:00,2026-06-01T01:19:59.999000+00:00,73573.00,73600.19,+0.0370,UP,1
2026-06-01T01:20:00+00:00,2026-06-01T01:24:59.999000+00:00,73600.19,73601.69,+0.0020,UP,1
2026-06-01T01:25:00+00:00,2026-06-01T01:29:59.999000+00:00,73601.68,73604.00,+0.0032,UP,1
2026-06-01T01:30:00+00:00,2026-06-01T01:34:59.999000+00:00,73604.01,73615.98,+0.0163,UP,1
2026-06-01T01:35:00+00:00,2026-06-01T01:39:59.999000+00:00,73615.99,73603.90,-0.0164,DOWN,1
2026-06-01T01:40:00+00:00,2026-06-01T01:44:59.999000+00:00,73603.90,73498.00,-0.1439,DOWN,1
2026-06-01T01:45:00+00:00,2026-06-01T01:49:59.999000+00:00,73498.00,73563.73,+0.0894,UP,1
2026-06-01T01:50:00+00:00,2026-06-01T01:54:59.999000+00:00,73563.74,73370.00,-0.2634,DOWN,1
2026-06-01T01:55:00+00:00,2026-06-01T01:59:59.999000+00:00,73369.99,73292.92,-0.1050,DOWN,1
2026-06-01T02:00:00+00:00,2026-06-01T02:04:59.999000+00:00,73292.92,73370.01,+0.1052,UP,1
2026-06-01T02:05:00+00:00,2026-06-01T02:09:59.999000+00:00,73370.01,73520.00,+0.2044,UP,1
2026-06-01T02:10:00+00:00,2026-06-01T02:14:59.999000+00:00,73520.00,73548.46,+0.0387,UP,1
2026-06-01T02:15:00+00:00,2026-06-01T02:19:59.999000+00:00,73548.45,73464.29,-0.1144,DOWN,1
2026-06-01T02:20:00+00:00,2026-06-01T02:24:59.999000+00:00,73464.29,73493.00,+0.0391,UP,1
2026-06-01T02:25:00+00:00,2026-06-01T02:29:59.999000+00:00,73493.00,73523.99,+0.0422,UP,1
2026-06-01T02:30:00+00:00,2026-06-01T02:34:59.999000+00:00,73524.00,73498.34,-0.0349,DOWN,1
2026-06-01T02:35:00+00:00,2026-06-01T02:39:59.999000+00:00,73498.34,73572.27,+0.1006,UP,1
2026-06-01T02:40:00+00:00,2026-06-01T02:44:59.999000+00:00,73572.27,73782.01,+0.2851,UP,1
2026-06-01T02:45:00+00:00,2026-06-01T02:49:59.999000+00:00,73782.00,73802.00,+0.0271,UP,1
2026-06-01T02:50:00+00:00,2026-06-01T02:54:59.999000+00:00,73802.01,73794.00,-0.0109,DOWN,1
2026-06-01T02:55:00+00:00,2026-06-01T02:59:59.999000+00:00,73794.00,73790.00,-0.0054,DOWN,1
2026-06-01T03:00:00+00:00,2026-06-01T03:04:59.999000+00:00,73789.99,73971.30,+0.2457,UP,1
2026-06-01T03:05:00+00:00,2026-06-01T03:09:59.999000+00:00,73971.31,73973.48,+0.0029,UP,1
2026-06-01T03:10:00+00:00,2026-06-01T03:14:59.999000+00:00,73973.48,73882.01,-0.1237,DOWN,1
2026-06-01T03:15:00+00:00,2026-06-01T03:19:59.999000+00:00,73882.00,73918.09,+0.0488,UP,1
2026-06-01T03:20:00+00:00,2026-06-01T03:24:59.999000+00:00,73918.09,73949.89,+0.0430,UP,1
2026-06-01T03:25:00+00:00,2026-06-01T03:29:59.999000+00:00,73949.90,73921.77,-0.0380,DOWN,1
2026-06-01T03:30:00+00:00,2026-06-01T03:34:59.999000+00:00,73921.78,73944.29,+0.0305,UP,1
2026-06-01T03:35:00+00:00,2026-06-01T03:39:59.999000+00:00,73944.29,73892.00,-0.0707,DOWN,1
2026-06-01T03:40:00+00:00,2026-06-01T03:44:59.999000+00:00,73892.01,73849.99,-0.0569,DOWN,1
2026-06-01T03:45:00+00:00,2026-06-01T03:49:59.999000+00:00,73850.00,73890.45,+0.0548,UP,1
2026-06-01T03:50:00+00:00,2026-06-01T03:54:59.999000+00:00,73890.44,73752.81,-0.1863,DOWN,1
2026-06-01T03:55:00+00:00,2026-06-01T03:59:59.999000+00:00,73752.80,73769.06,+0.0220,UP,1
2026-06-01T04:00:00+00:00,2026-06-01T04:04:59.999000+00:00,73769.06,73785.43,+0.0222,UP,1
2026-06-01T04:05:00+00:00,2026-06-01T04:09:59.999000+00:00,73785.44,73676.60,-0.1475,DOWN,1
2026-06-01T04:10:00+00:00,2026-06-01T04:14:59.999000+00:00,73676.61,73604.91,-0.0973,DOWN,1
2026-06-01T04:15:00+00:00,2026-06-01T04:19:59.999000+00:00,73604.91,73513.11,-0.1247,DOWN,1
2026-06-01T04:20:00+00:00,2026-06-01T04:24:59.999000+00:00,73513.11,73434.87,-0.1064,DOWN,1
2026-06-01T04:25:00+00:00,2026-06-01T04:29:59.999000+00:00,73434.88,73408.01,-0.0366,DOWN,1
2026-06-01T04:30:00+00:00,2026-06-01T04:34:59.999000+00:00,73408.01,73443.17,+0.0479,UP,1
2026-06-01T04:35:00+00:00,2026-06-01T04:39:59.999000+00:00,73443.17,73450.24,+0.0096,UP,1
2026-06-01T04:40:00+00:00,2026-06-01T04:44:59.999000+00:00,73450.24,73491.99,+0.0568,UP,1
2026-06-01T04:45:00+00:00,2026-06-01T04:49:59.999000+00:00,73491.99,73414.00,-0.1061,DOWN,1
2026-06-01T04:50:00+00:00,2026-06-01T04:54:59.999000+00:00,73414.00,73521.68,+0.1467,UP,1
2026-06-01T04:55:00+00:00,2026-06-01T04:59:59.999000+00:00,73521.68,73536.01,+0.0195,UP,1
2026-06-01T05:00:00+00:00,2026-06-01T05:04:59.999000+00:00,73536.01,73511.68,-0.0331,DOWN,1
2026-06-01T05:05:00+00:00,2026-06-01T05:09:59.999000+00:00,73511.68,73494.00,-0.0241,DOWN,1
2026-06-01T05:10:00+00:00,2026-06-01T05:14:59.999000+00:00,73494.01,73540.00,+0.0626,UP,1
2026-06-01T05:15:00+00:00,2026-06-01T05:19:59.999000+00:00,73540.00,73468.17,-0.0977,DOWN,1
2026-06-01T05:20:00+00:00,2026-06-01T05:24:59.999000+00:00,73468.17,73457.99,-0.0139,DOWN,1
2026-06-01T05:25:00+00:00,2026-06-01T05:29:59.999000+00:00,73458.00,73351.70,-0.1447,DOWN,1
2026-06-01T05:30:00+00:00,2026-06-01T05:34:59.999000+00:00,73351.70,73396.01,+0.0604,UP,1
2026-06-01T05:35:00+00:00,2026-06-01T05:39:59.999000+00:00,73396.01,73391.84,-0.0057,DOWN,1
2026-06-01T05:40:00+00:00,2026-06-01T05:44:59.999000+00:00,73391.84,73426.37,+0.0470,UP,1
2026-06-01T05:45:00+00:00,2026-06-01T05:49:59.999000+00:00,73426.37,73419.85,-0.0089,DOWN,1
2026-06-01T05:50:00+00:00,2026-06-01T05:54:59.999000+00:00,73419.85,73400.00,-0.0270,DOWN,1
2026-06-01T05:55:00+00:00,2026-06-01T05:59:59.999000+00:00,73400.01,73350.00,-0.0681,DOWN,1
2026-06-01T06:00:00+00:00,2026-06-01T06:04:59.999000+00:00,73349.99,73313.50,-0.0497,DOWN,1
2026-06-01T06:05:00+00:00,2026-06-01T06:09:59.999000+00:00,73313.51,73248.35,-0.0889,DOWN,1
2026-06-01T06:10:00+00:00,2026-06-01T06:14:59.999000+00:00,73248.34,73289.99,+0.0569,UP,1
2026-06-01T06:15:00+00:00,2026-06-01T06:19:59.999000+00:00,73289.98,73280.00,-0.0136,DOWN,1
2026-06-01T06:20:00+00:00,2026-06-01T06:24:59.999000+00:00,73280.00,73238.00,-0.0573,DOWN,1
2026-06-01T06:25:00+00:00,2026-06-01T06:29:59.999000+00:00,73237.99,73192.82,-0.0617,DOWN,1
2026-06-01T06:30:00+00:00,2026-06-01T06:34:59.999000+00:00,73192.81,73197.16,+0.0059,UP,1
2026-06-01T06:35:00+00:00,2026-06-01T06:39:59.999000+00:00,73197.16,73142.14,-0.0752,DOWN,1
2026-06-01T06:40:00+00:00,2026-06-01T06:44:59.999000+00:00,73142.14,73009.81,-0.1809,DOWN,1
2026-06-01T06:45:00+00:00,2026-06-01T06:49:59.999000+00:00,73009.81,73183.77,+0.2383,UP,1
2026-06-01T06:50:00+00:00,2026-06-01T06:54:59.999000+00:00,73183.76,73124.01,-0.0816,DOWN,1
2026-06-01T06:55:00+00:00,2026-06-01T06:59:59.999000+00:00,73124.00,73135.74,+0.0161,UP,1
2026-06-01T07:00:00+00:00,2026-06-01T07:04:59.999000+00:00,73135.75,73120.00,-0.0215,DOWN,1
2026-06-01T07:05:00+00:00,2026-06-01T07:09:59.999000+00:00,73119.99,73195.56,+0.1034,UP,1
2026-06-01T07:10:00+00:00,2026-06-01T07:14:59.999000+00:00,73195.56,73117.33,-0.1069,DOWN,1
2026-06-01T07:15:00+00:00,2026-06-01T07:19:59.999000+00:00,73117.33,73125.00,+0.0105,UP,1
2026-06-01T07:20:00+00:00,2026-06-01T07:24:59.999000+00:00,73125.00,72980.79,-0.1972,DOWN,1
2026-06-01T07:25:00+00:00,2026-06-01T07:29:59.999000+00:00,72980.79,72979.71,-0.0015,DOWN,1
2026-06-01T07:30:00+00:00,2026-06-01T07:34:59.999000+00:00,72979.72,72907.52,-0.0989,DOWN,1
2026-06-01T07:35:00+00:00,2026-06-01T07:39:59.999000+00:00,72907.52,72956.00,+0.0665,UP,1
2026-06-01T07:40:00+00:00,2026-06-01T07:44:59.999000+00:00,72956.00,72952.40,-0.0049,DOWN,1
2026-06-01T07:45:00+00:00,2026-06-01T07:49:59.999000+00:00,72952.40,72752.00,-0.2747,DOWN,1
2026-06-01T07:50:00+00:00,2026-06-01T07:54:59.999000+00:00,72752.00,72833.95,+0.1126,UP,1
2026-06-01T07:55:00+00:00,2026-06-01T07:59:59.999000+00:00,72833.95,72818.00,-0.0219,DOWN,1
2026-06-01T08:00:00+00:00,2026-06-01T08:04:59.999000+00:00,72818.00,72835.99,+0.0247,UP,1
2026-06-01T08:05:00+00:00,2026-06-01T08:09:59.999000+00:00,72835.99,72809.87,-0.0359,DOWN,1
2026-06-01T08:10:00+00:00,2026-06-01T08:14:59.999000+00:00,72809.86,72821.33,+0.0158,UP,1
2026-06-01T08:15:00+00:00,2026-06-01T08:19:59.999000+00:00,72821.33,72830.71,+0.0129,UP,1
2026-06-01T08:20:00+00:00,2026-06-01T08:24:59.999000+00:00,72830.72,72836.01,+0.0073,UP,1
2026-06-01T08:25:00+00:00,2026-06-01T08:29:59.999000+00:00,72836.00,72733.03,-0.1414,DOWN,1
2026-06-01T08:30:00+00:00,2026-06-01T08:34:59.999000+00:00,72733.03,72827.29,+0.1296,UP,1
2026-06-01T08:35:00+00:00,2026-06-01T08:39:59.999000+00:00,72827.29,72860.00,+0.0449,UP,1
2026-06-01T08:40:00+00:00,2026-06-01T08:44:59.999000+00:00,72859.99,72756.73,-0.1417,DOWN,1
2026-06-01T08:45:00+00:00,2026-06-01T08:49:59.999000+00:00,72756.72,72819.07,+0.0857,UP,1
2026-06-01T08:50:00+00:00,2026-06-01T08:54:59.999000+00:00,72819.07,72816.49,-0.0035,DOWN,1
2026-06-01T08:55:00+00:00,2026-06-01T08:59:59.999000+00:00,72816.49,72902.65,+0.1183,UP,1
2026-06-01T09:00:00+00:00,2026-06-01T09:04:59.999000+00:00,72902.64,72966.16,+0.0871,UP,1
2026-06-01T09:05:00+00:00,2026-06-01T09:09:59.999000+00:00,72966.15,73015.03,+0.0670,UP,1
2026-06-01T09:10:00+00:00,2026-06-01T09:14:59.999000+00:00,73015.03,72973.34,-0.0571,DOWN,1
2026-06-01T09:15:00+00:00,2026-06-01T09:19:59.999000+00:00,72973.34,72993.78,+0.0280,UP,1
2026-06-01T09:20:00+00:00,2026-06-01T09:24:59.999000+00:00,72993.78,73002.76,+0.0123,UP,1
2026-06-01T09:25:00+00:00,2026-06-01T09:29:59.999000+00:00,73002.75,73011.70,+0.0123,UP,1
2026-06-01T09:30:00+00:00,2026-06-01T09:34:59.999000+00:00,73011.70,72993.64,-0.0247,DOWN,1
2026-06-01T09:35:00+00:00,2026-06-01T09:39:59.999000+00:00,72993.65,72980.00,-0.0187,DOWN,1
2026-06-01T09:40:00+00:00,2026-06-01T09:44:59.999000+00:00,72980.01,72948.38,-0.0433,DOWN,1
2026-06-01T09:45:00+00:00,2026-06-01T09:49:59.999000+00:00,72948.38,72979.99,+0.0433,UP,1
2026-06-01T09:50:00+00:00,2026-06-01T09:54:59.999000+00:00,72980.00,72867.90,-0.1536,DOWN,1
2026-06-01T09:55:00+00:00,2026-06-01T09:59:59.999000+00:00,72867.90,72880.00,+0.0166,UP,1
2026-06-01T10:00:00+00:00,2026-06-01T10:04:59.999000+00:00,72880.00,72783.15,-0.1329,DOWN,1
2026-06-01T10:05:00+00:00,2026-06-01T10:09:59.999000+00:00,72783.15,72826.60,+0.0597,UP,1
2026-06-01T10:10:00+00:00,2026-06-01T10:14:59.999000+00:00,72826.60,72785.46,-0.0565,DOWN,1
2026-06-01T10:15:00+00:00,2026-06-01T10:19:59.999000+00:00,72785.46,72740.34,-0.0620,DOWN,1
2026-06-01T10:20:00+00:00,2026-06-01T10:24:59.999000+00:00,72740.34,72698.00,-0.0582,DOWN,1
2026-06-01T10:25:00+00:00,2026-06-01T10:29:59.999000+00:00,72698.01,72705.71,+0.0106,UP,1
2026-06-01T10:30:00+00:00,2026-06-01T10:34:59.999000+00:00,72705.72,72635.99,-0.0959,DOWN,1
2026-06-01T10:35:00+00:00,2026-06-01T10:39:59.999000+00:00,72635.99,72642.32,+0.0087,UP,1
2026-06-01T10:40:00+00:00,2026-06-01T10:44:59.999000+00:00,72642.33,72704.49,+0.0856,UP,1
2026-06-01T10:45:00+00:00,2026-06-01T10:49:59.999000+00:00,72704.48,72749.80,+0.0623,UP,1
2026-06-01T10:50:00+00:00,2026-06-01T10:54:59.999000+00:00,72749.80,72769.63,+0.0273,UP,1
2026-06-01T10:55:00+00:00,2026-06-01T10:59:59.999000+00:00,72769.62,72748.88,-0.0285,DOWN,1
2026-06-01T11:00:00+00:00,2026-06-01T11:04:59.999000+00:00,72748.88,72704.00,-0.0617,DOWN,1
2026-06-01T11:05:00+00:00,2026-06-01T11:09:59.999000+00:00,72704.01,72751.26,+0.0650,UP,1
2026-06-01T11:10:00+00:00,2026-06-01T11:14:59.999000+00:00,72751.25,72683.25,-0.0935,DOWN,1
2026-06-01T11:15:00+00:00,2026-06-01T11:19:59.999000+00:00,72683.25,72725.31,+0.0579,UP,1
2026-06-01T11:20:00+00:00,2026-06-01T11:24:59.999000+00:00,72725.31,72686.32,-0.0536,DOWN,1
2026-06-01T11:25:00+00:00,2026-06-01T11:29:59.999000+00:00,72686.32,72672.00,-0.0197,DOWN,1
2026-06-01T11:30:00+00:00,2026-06-01T11:34:59.999000+00:00,72672.01,72644.00,-0.0385,DOWN,1
2026-06-01T11:35:00+00:00,2026-06-01T11:39:59.999000+00:00,72643.99,72658.00,+0.0193,UP,1
2026-06-01T11:40:00+00:00,2026-06-01T11:44:59.999000+00:00,72658.00,72721.07,+0.0868,UP,1
2026-06-01T11:45:00+00:00,2026-06-01T11:49:59.999000+00:00,72721.07,72719.17,-0.0026,DOWN,1
2026-06-01T11:50:00+00:00,2026-06-01T11:54:59.999000+00:00,72719.18,72672.31,-0.0645,DOWN,1
2026-06-01T11:55:00+00:00,2026-06-01T11:59:59.999000+00:00,72672.31,72479.99,-0.2646,DOWN,1
2026-06-01T12:00:00+00:00,2026-06-01T12:04:59.999000+00:00,72480.00,72319.77,-0.2211,DOWN,1
2026-06-01T12:05:00+00:00,2026-06-01T12:09:59.999000+00:00,72318.55,72108.01,-0.2911,DOWN,1
2026-06-01T12:10:00+00:00,2026-06-01T12:14:59.999000+00:00,72108.01,72052.55,-0.0769,DOWN,1
2026-06-01T12:15:00+00:00,2026-06-01T12:19:59.999000+00:00,72052.55,72098.02,+0.0631,UP,1
2026-06-01T12:20:00+00:00,2026-06-01T12:24:59.999000+00:00,72098.02,72209.62,+0.1548,UP,1
2026-06-01T12:25:00+00:00,2026-06-01T12:29:59.999000+00:00,72209.61,72227.44,+0.0247,UP,1
2026-06-01T12:30:00+00:00,2026-06-01T12:34:59.999000+00:00,72227.44,72220.33,-0.0098,DOWN,1
2026-06-01T12:35:00+00:00,2026-06-01T12:39:59.999000+00:00,72220.33,72316.00,+0.1325,UP,1
2026-06-01T12:40:00+00:00,2026-06-01T12:44:59.999000+00:00,72316.00,72275.22,-0.0564,DOWN,1
2026-06-01T12:45:00+00:00,2026-06-01T12:49:59.999000+00:00,72275.22,72162.01,-0.1566,DOWN,1
2026-06-01T12:50:00+00:00,2026-06-01T12:54:59.999000+00:00,72162.01,72130.00,-0.0444,DOWN,1
2026-06-01T12:55:00+00:00,2026-06-01T12:59:59.999000+00:00,72130.00,72221.73,+0.1272,UP,1
2026-06-01T13:00:00+00:00,2026-06-01T13:04:59.999000+00:00,72221.74,72030.96,-0.2642,DOWN,1
2026-06-01T13:05:00+00:00,2026-06-01T13:09:59.999000+00:00,72030.95,72004.00,-0.0374,DOWN,1
2026-06-01T13:10:00+00:00,2026-06-01T13:14:59.999000+00:00,72004.01,71843.01,-0.2236,DOWN,1
2026-06-01T13:15:00+00:00,2026-06-01T13:19:59.999000+00:00,71843.02,71937.94,+0.1321,UP,1
2026-06-01T13:20:00+00:00,2026-06-01T13:24:59.999000+00:00,71937.94,71805.99,-0.1834,DOWN,1
2026-06-01T13:25:00+00:00,2026-06-01T13:29:59.999000+00:00,71805.99,71828.58,+0.0315,UP,1
2026-06-01T13:30:00+00:00,2026-06-01T13:34:59.999000+00:00,71828.59,71961.99,+0.1857,UP,1
2026-06-01T13:35:00+00:00,2026-06-01T13:39:59.999000+00:00,71961.99,71880.00,-0.1139,DOWN,1
2026-06-01T13:40:00+00:00,2026-06-01T13:44:59.999000+00:00,71880.00,71599.99,-0.3896,DOWN,1
2026-06-01T13:45:00+00:00,2026-06-01T13:49:59.999000+00:00,71599.99,71636.01,+0.0503,UP,1
2026-06-01T13:50:00+00:00,2026-06-01T13:54:59.999000+00:00,71636.02,71603.42,-0.0455,DOWN,1
2026-06-01T13:55:00+00:00,2026-06-01T13:59:59.999000+00:00,71603.42,71711.89,+0.1515,UP,1
2026-06-01T14:00:00+00:00,2026-06-01T14:04:59.999000+00:00,71711.89,71879.99,+0.2344,UP,1
2026-06-01T14:05:00+00:00,2026-06-01T14:09:59.999000+00:00,71880.00,71698.00,-0.2532,DOWN,1
2026-06-01T14:10:00+00:00,2026-06-01T14:14:59.999000+00:00,71698.00,71670.49,-0.0384,DOWN,1
2026-06-01T14:15:00+00:00,2026-06-01T14:19:59.999000+00:00,71670.49,71585.99,-0.1179,DOWN,1
2026-06-01T14:20:00+00:00,2026-06-01T14:24:59.999000+00:00,71585.99,71598.90,+0.0180,UP,1
2026-06-01T14:25:00+00:00,2026-06-01T14:29:59.999000+00:00,71598.90,71532.00,-0.0934,DOWN,1
2026-06-01T14:30:00+00:00,2026-06-01T14:34:59.999000+00:00,71532.00,71482.02,-0.0699,DOWN,1
2026-06-01T14:35:00+00:00,2026-06-01T14:39:59.999000+00:00,71482.01,71482.67,+0.0009,UP,1
2026-06-01T14:40:00+00:00,2026-06-01T14:44:59.999000+00:00,71482.67,71491.98,+0.0130,UP,1
2026-06-01T14:45:00+00:00,2026-06-01T14:49:59.999000+00:00,71491.99,71507.26,+0.0214,UP,1
2026-06-01T14:50:00+00:00,2026-06-01T14:54:59.999000+00:00,71507.26,71437.75,-0.0972,DOWN,1
2026-06-01T14:55:00+00:00,2026-06-01T14:59:59.999000+00:00,71437.75,71567.91,+0.1822,UP,1
2026-06-01T15:00:00+00:00,2026-06-01T15:04:59.999000+00:00,71567.91,71608.01,+0.0560,UP,1
2026-06-01T15:05:00+00:00,2026-06-01T15:09:59.999000+00:00,71608.01,71569.39,-0.0539,DOWN,1
2026-06-01T15:10:00+00:00,2026-06-01T15:14:59.999000+00:00,71569.38,71515.92,-0.0747,DOWN,1
2026-06-01T15:15:00+00:00,2026-06-01T15:19:59.999000+00:00,71515.92,71254.48,-0.3656,DOWN,1
2026-06-01T15:20:00+00:00,2026-06-01T15:24:59.999000+00:00,71254.49,71178.29,-0.1069,DOWN,1
2026-06-01T15:25:00+00:00,2026-06-01T15:29:59.999000+00:00,71178.29,71084.35,-0.1320,DOWN,1
2026-06-01T15:30:00+00:00,2026-06-01T15:34:59.999000+00:00,71084.35,71378.00,+0.4131,UP,1
2026-06-01T15:35:00+00:00,2026-06-01T15:39:59.999000+00:00,71377.99,71300.00,-0.1093,DOWN,1
2026-06-01T15:40:00+00:00,2026-06-01T15:44:59.999000+00:00,71299.99,71274.43,-0.0358,DOWN,1
2026-06-01T15:45:00+00:00,2026-06-01T15:49:59.999000+00:00,71274.42,71166.02,-0.1521,DOWN,1
2026-06-01T15:50:00+00:00,2026-06-01T15:54:59.999000+00:00,71166.02,71092.11,-0.1039,DOWN,1
2026-06-01T15:55:00+00:00,2026-06-01T15:59:59.999000+00:00,71092.12,71129.62,+0.0527,UP,1
2026-06-01T16:00:00+00:00,2026-06-01T16:04:59.999000+00:00,71129.62,71138.01,+0.0118,UP,1
2026-06-01T16:05:00+00:00,2026-06-01T16:09:59.999000+00:00,71138.01,70896.85,-0.3390,DOWN,1
2026-06-01T16:10:00+00:00,2026-06-01T16:14:59.999000+00:00,70896.86,70884.01,-0.0181,DOWN,1
2026-06-01T16:15:00+00:00,2026-06-01T16:19:59.999000+00:00,70884.01,70913.03,+0.0409,UP,1
2026-06-01T16:20:00+00:00,2026-06-01T16:24:59.999000+00:00,70913.02,70924.65,+0.0164,UP,1
2026-06-01T16:25:00+00:00,2026-06-01T16:29:59.999000+00:00,70924.65,71092.00,+0.2360,UP,1
2026-06-01T16:30:00+00:00,2026-06-01T16:34:59.999000+00:00,71091.99,71200.84,+0.1531,UP,1
2026-06-01T16:35:00+00:00,2026-06-01T16:39:59.999000+00:00,71200.83,71226.01,+0.0354,UP,1
2026-06-01T16:40:00+00:00,2026-06-01T16:44:59.999000+00:00,71226.01,71344.00,+0.1657,UP,1
2026-06-01T16:45:00+00:00,2026-06-01T16:49:59.999000+00:00,71344.00,71379.77,+0.0501,UP,1
2026-06-01T16:50:00+00:00,2026-06-01T16:54:59.999000+00:00,71379.77,71426.15,+0.0650,UP,1
2026-06-01T16:55:00+00:00,2026-06-01T16:59:59.999000+00:00,71426.15,71564.01,+0.1930,UP,1
2026-06-01T17:00:00+00:00,2026-06-01T17:04:59.999000+00:00,71564.01,71592.22,+0.0394,UP,1
2026-06-01T17:05:00+00:00,2026-06-01T17:09:59.999000+00:00,71592.22,71564.02,-0.0394,DOWN,1
2026-06-01T17:10:00+00:00,2026-06-01T17:14:59.999000+00:00,71564.01,71586.96,+0.0321,UP,1
2026-06-01T17:15:00+00:00,2026-06-01T17:19:59.999000+00:00,71586.95,71532.12,-0.0766,DOWN,1
2026-06-01T17:20:00+00:00,2026-06-01T17:24:59.999000+00:00,71532.12,71545.68,+0.0190,UP,1
2026-06-01T17:25:00+00:00,2026-06-01T17:29:59.999000+00:00,71545.69,71733.33,+0.2623,UP,1
2026-06-01T17:30:00+00:00,2026-06-01T17:34:59.999000+00:00,71733.32,71540.00,-0.2695,DOWN,1
2026-06-01T17:35:00+00:00,2026-06-01T17:39:59.999000+00:00,71540.01,71581.99,+0.0587,UP,1
2026-06-01T17:40:00+00:00,2026-06-01T17:44:59.999000+00:00,71582.00,71722.16,+0.1958,UP,1
2026-06-01T17:45:00+00:00,2026-06-01T17:49:59.999000+00:00,71722.16,71741.38,+0.0268,UP,1
2026-06-01T17:50:00+00:00,2026-06-01T17:54:59.999000+00:00,71741.37,71715.98,-0.0354,DOWN,1
2026-06-01T17:55:00+00:00,2026-06-01T17:59:59.999000+00:00,71715.98,71646.01,-0.0976,DOWN,1
2026-06-01T18:00:00+00:00,2026-06-01T18:04:59.999000+00:00,71646.00,71600.01,-0.0642,DOWN,1
2026-06-01T18:05:00+00:00,2026-06-01T18:09:59.999000+00:00,71600.00,71582.00,-0.0251,DOWN,1
2026-06-01T18:10:00+00:00,2026-06-01T18:14:59.999000+00:00,71582.00,71477.46,-0.1460,DOWN,1
2026-06-01T18:15:00+00:00,2026-06-01T18:19:59.999000+00:00,71477.46,71399.58,-0.1090,DOWN,1
2026-06-01T18:20:00+00:00,2026-06-01T18:24:59.999000+00:00,71399.57,71419.93,+0.0285,UP,1
2026-06-01T18:25:00+00:00,2026-06-01T18:29:59.999000+00:00,71419.93,71545.15,+0.1753,UP,1
2026-06-01T18:30:00+00:00,2026-06-01T18:34:59.999000+00:00,71545.16,71623.31,+0.1092,UP,1
2026-06-01T18:35:00+00:00,2026-06-01T18:39:59.999000+00:00,71623.32,71581.99,-0.0577,DOWN,1
2026-06-01T18:40:00+00:00,2026-06-01T18:44:59.999000+00:00,71582.00,71506.67,-0.1052,DOWN,1
2026-06-01T18:45:00+00:00,2026-06-01T18:49:59.999000+00:00,71506.67,71429.48,-0.1079,DOWN,1
2026-06-01T18:50:00+00:00,2026-06-01T18:54:59.999000+00:00,71429.48,71545.21,+0.1620,UP,1
2026-06-01T18:55:00+00:00,2026-06-01T18:59:59.999000+00:00,71545.22,71498.64,-0.0651,DOWN,1
2026-06-01T19:00:00+00:00,2026-06-01T19:04:59.999000+00:00,71498.64,71464.00,-0.0484,DOWN,1
2026-06-01T19:05:00+00:00,2026-06-01T19:09:59.999000+00:00,71464.00,71445.81,-0.0255,DOWN,1
2026-06-01T19:10:00+00:00,2026-06-01T19:14:59.999000+00:00,71445.81,71433.02,-0.0179,DOWN,1
2026-06-01T19:15:00+00:00,2026-06-01T19:19:59.999000+00:00,71433.02,71418.00,-0.0210,DOWN,1
2026-06-01T19:20:00+00:00,2026-06-01T19:24:59.999000+00:00,71417.99,71466.53,+0.0680,UP,1
2026-06-01T19:25:00+00:00,2026-06-01T19:29:59.999000+00:00,71466.52,71621.61,+0.2170,UP,1
2026-06-01T19:30:00+00:00,2026-06-01T19:34:59.999000+00:00,71621.61,71646.83,+0.0352,UP,1
2026-06-01T19:35:00+00:00,2026-06-01T19:39:59.999000+00:00,71646.84,71641.52,-0.0074,DOWN,1
2026-06-01T19:40:00+00:00,2026-06-01T19:44:59.999000+00:00,71641.51,71638.93,-0.0036,DOWN,1
2026-06-01T19:45:00+00:00,2026-06-01T19:49:59.999000+00:00,71638.01,71520.41,-0.1642,DOWN,1
2026-06-01T19:50:00+00:00,2026-06-01T19:54:59.999000+00:00,71520.40,71542.48,+0.0309,UP,1
2026-06-01T19:55:00+00:00,2026-06-01T19:59:59.999000+00:00,71542.47,71595.24,+0.0738,UP,1
2026-06-01T20:00:00+00:00,2026-06-01T20:04:59.999000+00:00,71595.24,71536.07,-0.0826,DOWN,1
2026-06-01T20:05:00+00:00,2026-06-01T20:09:59.999000+00:00,71536.07,71540.58,+0.0063,UP,1
2026-06-01T20:10:00+00:00,2026-06-01T20:14:59.999000+00:00,71540.58,71570.80,+0.0422,UP,1
2026-06-01T20:15:00+00:00,2026-06-01T20:19:59.999000+00:00,71570.80,71616.07,+0.0633,UP,1
2026-06-01T20:20:00+00:00,2026-06-01T20:24:59.999000+00:00,71616.08,71614.02,-0.0029,DOWN,1
2026-06-01T20:25:00+00:00,2026-06-01T20:29:59.999000+00:00,71614.02,71602.00,-0.0168,DOWN,1
2026-06-01T20:30:00+00:00,2026-06-01T20:34:59.999000+00:00,71602.00,71619.99,+0.0251,UP,1
2026-06-01T20:35:00+00:00,2026-06-01T20:39:59.999000+00:00,71620.00,71646.90,+0.0376,UP,1
2026-06-01T20:40:00+00:00,2026-06-01T20:44:59.999000+00:00,71646.89,71591.65,-0.0771,DOWN,1
2026-06-01T20:45:00+00:00,2026-06-01T20:49:59.999000+00:00,71591.65,71593.12,+0.0021,UP,1
2026-06-01T20:50:00+00:00,2026-06-01T20:54:59.999000+00:00,71593.12,71504.00,-0.1245,DOWN,1
2026-06-01T20:55:00+00:00,2026-06-01T20:59:59.999000+00:00,71504.00,71446.00,-0.0811,DOWN,1
2026-06-01T21:00:00+00:00,2026-06-01T21:04:59.999000+00:00,71445.99,71420.19,-0.0361,DOWN,1
2026-06-01T21:05:00+00:00,2026-06-01T21:09:59.999000+00:00,71420.20,71156.00,-0.3699,DOWN,1
2026-06-01T21:10:00+00:00,2026-06-01T21:14:59.999000+00:00,71156.01,71220.00,+0.0899,UP,1
2026-06-01T21:15:00+00:00,2026-06-01T21:19:59.999000+00:00,71220.00,71124.66,-0.1339,DOWN,1
2026-06-01T21:20:00+00:00,2026-06-01T21:24:59.999000+00:00,71124.67,71217.99,+0.1312,UP,1
2026-06-01T21:25:00+00:00,2026-06-01T21:29:59.999000+00:00,71218.00,71148.56,-0.0975,DOWN,1
2026-06-01T21:30:00+00:00,2026-06-01T21:34:59.999000+00:00,71148.57,71124.00,-0.0345,DOWN,1
2026-06-01T21:35:00+00:00,2026-06-01T21:39:59.999000+00:00,71124.00,71106.86,-0.0241,DOWN,1
2026-06-01T21:40:00+00:00,2026-06-01T21:44:59.999000+00:00,71106.85,71014.38,-0.1300,DOWN,1
2026-06-01T21:45:00+00:00,2026-06-01T21:49:59.999000+00:00,71014.37,71102.56,+0.1242,UP,1
2026-06-01T21:50:00+00:00,2026-06-01T21:54:59.999000+00:00,71102.55,71043.99,-0.0824,DOWN,1
2026-06-01T21:55:00+00:00,2026-06-01T21:59:59.999000+00:00,71043.99,71038.01,-0.0084,DOWN,1
2026-06-01T22:00:00+00:00,2026-06-01T22:04:59.999000+00:00,71038.01,70899.75,-0.1946,DOWN,1
2026-06-01T22:05:00+00:00,2026-06-01T22:09:59.999000+00:00,70899.74,70914.85,+0.0213,UP,1
2026-06-01T22:10:00+00:00,2026-06-01T22:14:59.999000+00:00,70914.84,70976.01,+0.0863,UP,1
2026-06-01T22:15:00+00:00,2026-06-01T22:19:59.999000+00:00,70976.01,71172.60,+0.2770,UP,1
2026-06-01T22:20:00+00:00,2026-06-01T22:24:59.999000+00:00,71172.60,71142.78,-0.0419,DOWN,1
2026-06-01T22:25:00+00:00,2026-06-01T22:29:59.999000+00:00,71142.78,71284.30,+0.1989,UP,1
2026-06-01T22:30:00+00:00,2026-06-01T22:34:59.999000+00:00,71284.29,71206.01,-0.1098,DOWN,1
2026-06-01T22:35:00+00:00,2026-06-01T22:39:59.999000+00:00,71206.01,71127.45,-0.1103,DOWN,1
2026-06-01T22:40:00+00:00,2026-06-01T22:44:59.999000+00:00,71127.45,71141.29,+0.0195,UP,1
2026-06-01T22:45:00+00:00,2026-06-01T22:49:59.999000+00:00,71141.29,71378.00,+0.3327,UP,1
2026-06-01T22:50:00+00:00,2026-06-01T22:54:59.999000+00:00,71378.00,71365.47,-0.0176,DOWN,1
2026-06-01T22:55:00+00:00,2026-06-01T22:59:59.999000+00:00,71365.46,71408.00,+0.0596,UP,1
2026-06-01T23:00:00+00:00,2026-06-01T23:04:59.999000+00:00,71407.99,71382.00,-0.0364,DOWN,1
2026-06-01T23:05:00+00:00,2026-06-01T23:09:59.999000+00:00,71381.99,71371.26,-0.0150,DOWN,1
2026-06-01T23:10:00+00:00,2026-06-01T23:14:59.999000+00:00,71371.26,71366.24,-0.0070,DOWN,1
2026-06-01T23:15:00+00:00,2026-06-01T23:19:59.999000+00:00,71366.24,71428.00,+0.0865,UP,1
2026-06-01T23:20:00+00:00,2026-06-01T23:24:59.999000+00:00,71428.00,71346.44,-0.1142,DOWN,1
2026-06-01T23:25:00+00:00,2026-06-01T23:29:59.999000+00:00,71346.45,71248.00,-0.1380,DOWN,1
2026-06-01T23:30:00+00:00,2026-06-01T23:34:59.999000+00:00,71248.01,71327.29,+0.1113,UP,1
2026-06-01T23:35:00+00:00,2026-06-01T23:39:59.999000+00:00,71327.29,71510.00,+0.2562,UP,1
2026-06-01T23:40:00+00:00,2026-06-01T23:44:59.999000+00:00,71510.00,71510.01,+0.0000,UP,1
2026-06-01T23:45:00+00:00,2026-06-01T23:49:59.999000+00:00,71510.00,71542.00,+0.0447,UP,1
2026-06-01T23:50:00+00:00,2026-06-01T23:54:59.999000+00:00,71542.00,71439.78,-0.1429,DOWN,1
2026-06-01T23:55:00+00:00,2026-06-01T23:59:59.999000+00:00,71439.77,71408.90,-0.0432,DOWN,1
2026-06-02T00:00:00+00:00,2026-06-02T00:04:59.999000+00:00,71408.90,71325.84,-0.1163,DOWN,1
2026-06-02T00:05:00+00:00,2026-06-02T00:09:59.999000+00:00,71325.85,71282.26,-0.0611,DOWN,1
2026-06-02T00:10:00+00:00,2026-06-02T00:14:59.999000+00:00,71282.26,71268.01,-0.0200,DOWN,1
2026-06-02T00:15:00+00:00,2026-06-02T00:19:59.999000+00:00,71268.01,71208.01,-0.0842,DOWN,1
2026-06-02T00:20:00+00:00,2026-06-02T00:24:59.999000+00:00,71208.01,71175.11,-0.0462,DOWN,1
2026-06-02T00:25:00+00:00,2026-06-02T00:29:59.999000+00:00,71175.10,71230.00,+0.0771,UP,1
2026-06-02T00:30:00+00:00,2026-06-02T00:34:59.999000+00:00,71230.00,71244.01,+0.0197,UP,1
2026-06-02T00:35:00+00:00,2026-06-02T00:39:59.999000+00:00,71244.01,71180.07,-0.0897,DOWN,1
2026-06-02T00:40:00+00:00,2026-06-02T00:44:59.999000+00:00,71180.07,71180.00,-0.0001,DOWN,1
2026-06-02T00:45:00+00:00,2026-06-02T00:49:59.999000+00:00,71180.01,71184.35,+0.0061,UP,1
2026-06-02T00:50:00+00:00,2026-06-02T00:54:59.999000+00:00,71184.34,71277.38,+0.1307,UP,1
2026-06-02T00:55:00+00:00,2026-06-02T00:59:59.999000+00:00,71277.38,71289.23,+0.0166,UP,1
2026-06-02T01:00:00+00:00,2026-06-02T01:04:59.999000+00:00,71289.24,71261.99,-0.0382,DOWN,1
2026-06-02T01:05:00+00:00,2026-06-02T01:09:59.999000+00:00,71261.99,71239.99,-0.0309,DOWN,1
2026-06-02T01:10:00+00:00,2026-06-02T01:14:59.999000+00:00,71240.00,71369.99,+0.1825,UP,1
2026-06-02T01:15:00+00:00,2026-06-02T01:19:59.999000+00:00,71369.99,71302.01,-0.0953,DOWN,1
2026-06-02T01:20:00+00:00,2026-06-02T01:24:59.999000+00:00,71302.00,71289.99,-0.0168,DOWN,1
2026-06-02T01:25:00+00:00,2026-06-02T01:29:59.999000+00:00,71289.99,71207.77,-0.1153,DOWN,1
2026-06-02T01:30:00+00:00,2026-06-02T01:34:59.999000+00:00,71207.77,70969.82,-0.3342,DOWN,1
2026-06-02T01:35:00+00:00,2026-06-02T01:39:59.999000+00:00,70969.81,70847.33,-0.1726,DOWN,1
2026-06-02T01:40:00+00:00,2026-06-02T01:44:59.999000+00:00,70847.14,70960.01,+0.1593,UP,1
2026-06-02T01:45:00+00:00,2026-06-02T01:49:59.999000+00:00,70960.01,70912.12,-0.0675,DOWN,1
2026-06-02T01:50:00+00:00,2026-06-02T01:54:59.999000+00:00,70912.12,70839.40,-0.1025,DOWN,1
2026-06-02T01:55:00+00:00,2026-06-02T01:59:59.999000+00:00,70839.39,70652.47,-0.2639,DOWN,1
2026-06-02T02:00:00+00:00,2026-06-02T02:04:59.999000+00:00,70652.47,70578.59,-0.1046,DOWN,1
2026-06-02T02:05:00+00:00,2026-06-02T02:09:59.999000+00:00,70578.59,70260.40,-0.4508,DOWN,1
2026-06-02T02:10:00+00:00,2026-06-02T02:14:59.999000+00:00,70260.40,70346.64,+0.1227,UP,1
2026-06-02T02:15:00+00:00,2026-06-02T02:19:59.999000+00:00,70346.64,70253.92,-0.1318,DOWN,1
2026-06-02T02:20:00+00:00,2026-06-02T02:24:59.999000+00:00,70253.92,70547.55,+0.4180,UP,1
2026-06-02T02:25:00+00:00,2026-06-02T02:29:59.999000+00:00,70547.55,70807.51,+0.3685,UP,1
2026-06-02T02:30:00+00:00,2026-06-02T02:34:59.999000+00:00,70807.51,70776.01,-0.0445,DOWN,1
2026-06-02T02:35:00+00:00,2026-06-02T02:39:59.999000+00:00,70776.01,70741.14,-0.0493,DOWN,1
2026-06-02T02:40:00+00:00,2026-06-02T02:44:59.999000+00:00,70741.13,70599.26,-0.2005,DOWN,1
2026-06-02T02:45:00+00:00,2026-06-02T02:49:59.999000+00:00,70599.26,70650.00,+0.0719,UP,1
2026-06-02T02:50:00+00:00,2026-06-02T02:54:59.999000+00:00,70650.00,70687.99,+0.0538,UP,1
2026-06-02T02:55:00+00:00,2026-06-02T02:59:59.999000+00:00,70687.99,70846.49,+0.2242,UP,1
2026-06-02T03:00:00+00:00,2026-06-02T03:04:59.999000+00:00,70846.48,70955.14,+0.1534,UP,1
2026-06-02T03:05:00+00:00,2026-06-02T03:09:59.999000+00:00,70955.15,71015.26,+0.0847,UP,1
2026-06-02T03:10:00+00:00,2026-06-02T03:14:59.999000+00:00,71015.27,70901.43,-0.1603,DOWN,1
2026-06-02T03:15:00+00:00,2026-06-02T03:19:59.999000+00:00,70901.43,70912.15,+0.0151,UP,1
2026-06-02T03:20:00+00:00,2026-06-02T03:24:59.999000+00:00,70912.16,70946.80,+0.0488,UP,1
2026-06-02T03:25:00+00:00,2026-06-02T03:29:59.999000+00:00,70946.79,70958.00,+0.0158,UP,1
2026-06-02T03:30:00+00:00,2026-06-02T03:34:59.999000+00:00,70958.00,70939.66,-0.0258,DOWN,1
2026-06-02T03:35:00+00:00,2026-06-02T03:39:59.999000+00:00,70939.66,70958.97,+0.0272,UP,1
2026-06-02T03:40:00+00:00,2026-06-02T03:44:59.999000+00:00,70958.98,70989.26,+0.0427,UP,1
2026-06-02T03:45:00+00:00,2026-06-02T03:49:59.999000+00:00,70989.27,70950.83,-0.0541,DOWN,1
2026-06-02T03:50:00+00:00,2026-06-02T03:54:59.999000+00:00,70950.83,71010.53,+0.0841,UP,1
2026-06-02T03:55:00+00:00,2026-06-02T03:59:59.999000+00:00,71010.54,70953.69,-0.0801,DOWN,1
2026-06-02T04:00:00+00:00,2026-06-02T04:04:59.999000+00:00,70953.70,70952.00,-0.0024,DOWN,1
2026-06-02T04:05:00+00:00,2026-06-02T04:09:59.999000+00:00,70952.00,70794.45,-0.2221,DOWN,1
2026-06-02T04:10:00+00:00,2026-06-02T04:14:59.999000+00:00,70794.44,70770.81,-0.0334,DOWN,1
2026-06-02T04:15:00+00:00,2026-06-02T04:19:59.999000+00:00,70770.81,70888.00,+0.1656,UP,1
2026-06-02T04:20:00+00:00,2026-06-02T04:24:59.999000+00:00,70888.00,70876.49,-0.0162,DOWN,1
2026-06-02T04:25:00+00:00,2026-06-02T04:29:59.999000+00:00,70876.48,70975.89,+0.1403,UP,1
2026-06-02T04:30:00+00:00,2026-06-02T04:34:59.999000+00:00,70975.90,71030.00,+0.0762,UP,1
2026-06-02T04:35:00+00:00,2026-06-02T04:39:59.999000+00:00,71029.99,71037.99,+0.0113,UP,1
2026-06-02T04:40:00+00:00,2026-06-02T04:44:59.999000+00:00,71037.99,71027.34,-0.0150,DOWN,1
2026-06-02T04:45:00+00:00,2026-06-02T04:49:59.999000+00:00,71027.35,70909.98,-0.1652,DOWN,1
2026-06-02T04:50:00+00:00,2026-06-02T04:54:59.999000+00:00,70909.98,70900.01,-0.0141,DOWN,1
2026-06-02T04:55:00+00:00,2026-06-02T04:59:59.999000+00:00,70900.00,70810.00,-0.1269,DOWN,1
2026-06-02T05:00:00+00:00,2026-06-02T05:04:59.999000+00:00,70810.00,70608.53,-0.2845,DOWN,1
2026-06-02T05:05:00+00:00,2026-06-02T05:09:59.999000+00:00,70608.53,70682.01,+0.1041,UP,1
2026-06-02T05:10:00+00:00,2026-06-02T05:14:59.999000+00:00,70682.01,70810.01,+0.1811,UP,1
2026-06-02T05:15:00+00:00,2026-06-02T05:19:59.999000+00:00,70810.00,70732.75,-0.1091,DOWN,1
2026-06-02T05:20:00+00:00,2026-06-02T05:24:59.999000+00:00,70732.74,70715.25,-0.0247,DOWN,1
2026-06-02T05:25:00+00:00,2026-06-02T05:29:59.999000+00:00,70715.25,70602.61,-0.1593,DOWN,1
2026-06-02T05:30:00+00:00,2026-06-02T05:34:59.999000+00:00,70602.61,70669.99,+0.0954,UP,1
2026-06-02T05:35:00+00:00,2026-06-02T05:39:59.999000+00:00,70670.00,70610.03,-0.0849,DOWN,1
2026-06-02T05:40:00+00:00,2026-06-02T05:44:59.999000+00:00,70610.03,70534.91,-0.1064,DOWN,1
2026-06-02T05:45:00+00:00,2026-06-02T05:49:59.999000+00:00,70534.37,70434.33,-0.1418,DOWN,1
2026-06-02T05:50:00+00:00,2026-06-02T05:54:59.999000+00:00,70434.34,70385.99,-0.0686,DOWN,1
2026-06-02T05:55:00+00:00,2026-06-02T05:59:59.999000+00:00,70385.99,70268.96,-0.1663,DOWN,1
2026-06-02T06:00:00+00:00,2026-06-02T06:04:59.999000+00:00,70268.97,70367.83,+0.1407,UP,1
2026-06-02T06:05:00+00:00,2026-06-02T06:09:59.999000+00:00,70367.83,70410.01,+0.0599,UP,1
2026-06-02T06:10:00+00:00,2026-06-02T06:14:59.999000+00:00,70410.01,70310.01,-0.1420,DOWN,1
2026-06-02T06:15:00+00:00,2026-06-02T06:19:59.999000+00:00,70310.01,70298.00,-0.0171,DOWN,1
2026-06-02T06:20:00+00:00,2026-06-02T06:24:59.999000+00:00,70298.00,70242.21,-0.0794,DOWN,1
2026-06-02T06:25:00+00:00,2026-06-02T06:29:59.999000+00:00,70242.21,70370.19,+0.1822,UP,1
2026-06-02T06:30:00+00:00,2026-06-02T06:34:59.999000+00:00,70370.20,70360.01,-0.0145,DOWN,1
2026-06-02T06:35:00+00:00,2026-06-02T06:39:59.999000+00:00,70360.01,70322.94,-0.0527,DOWN,1
2026-06-02T06:40:00+00:00,2026-06-02T06:44:59.999000+00:00,70322.95,70258.00,-0.0924,DOWN,1
2026-06-02T06:45:00+00:00,2026-06-02T06:49:59.999000+00:00,70258.00,70237.03,-0.0298,DOWN,1
2026-06-02T06:50:00+00:00,2026-06-02T06:54:59.999000+00:00,70237.02,70177.15,-0.0852,DOWN,1
2026-06-02T06:55:00+00:00,2026-06-02T06:59:59.999000+00:00,70177.14,70106.31,-0.1009,DOWN,1
2026-06-02T07:00:00+00:00,2026-06-02T07:04:59.999000+00:00,70106.31,69839.98,-0.3799,DOWN,1
2026-06-02T07:05:00+00:00,2026-06-02T07:09:59.999000+00:00,69839.98,69982.00,+0.2034,UP,1
2026-06-02T07:10:00+00:00,2026-06-02T07:14:59.999000+00:00,69982.01,70050.38,+0.0977,UP,1
2026-06-02T07:15:00+00:00,2026-06-02T07:19:59.999000+00:00,70050.38,70192.46,+0.2028,UP,1
2026-06-02T07:20:00+00:00,2026-06-02T07:24:59.999000+00:00,70192.46,70034.12,-0.2256,DOWN,1
2026-06-02T07:25:00+00:00,2026-06-02T07:29:59.999000+00:00,70034.12,69913.99,-0.1715,DOWN,1
2026-06-02T07:30:00+00:00,2026-06-02T07:34:59.999000+00:00,69914.00,70111.55,+0.2826,UP,1
2026-06-02T07:35:00+00:00,2026-06-02T07:39:59.999000+00:00,70111.56,70204.22,+0.1322,UP,1
2026-06-02T07:40:00+00:00,2026-06-02T07:44:59.999000+00:00,70204.22,70213.38,+0.0130,UP,1
2026-06-02T07:45:00+00:00,2026-06-02T07:49:59.999000+00:00,70213.38,70125.24,-0.1255,DOWN,1
2026-06-02T07:50:00+00:00,2026-06-02T07:54:59.999000+00:00,70125.25,70133.98,+0.0124,UP,1
2026-06-02T07:55:00+00:00,2026-06-02T07:59:59.999000+00:00,70133.98,70118.42,-0.0222,DOWN,1
2026-06-02T08:00:00+00:00,2026-06-02T08:04:59.999000+00:00,70118.42,70021.99,-0.1375,DOWN,1
2026-06-02T08:05:00+00:00,2026-06-02T08:09:59.999000+00:00,70021.99,70005.82,-0.0231,DOWN,1
2026-06-02T08:10:00+00:00,2026-06-02T08:14:59.999000+00:00,70005.82,70055.01,+0.0703,UP,1
2026-06-02T08:15:00+00:00,2026-06-02T08:19:59.999000+00:00,70055.01,69977.83,-0.1102,DOWN,1
2026-06-02T08:20:00+00:00,2026-06-02T08:24:59.999000+00:00,69978.00,69908.60,-0.0992,DOWN,1
2026-06-02T08:25:00+00:00,2026-06-02T08:29:59.999000+00:00,69908.60,70020.00,+0.1594,UP,1
2026-06-02T08:30:00+00:00,2026-06-02T08:34:59.999000+00:00,70019.99,70027.69,+0.0110,UP,1
2026-06-02T08:35:00+00:00,2026-06-02T08:39:59.999000+00:00,70027.70,69951.86,-0.1083,DOWN,1
2026-06-02T08:40:00+00:00,2026-06-02T08:44:59.999000+00:00,69951.86,69861.75,-0.1288,DOWN,1
2026-06-02T08:45:00+00:00,2026-06-02T08:49:59.999000+00:00,69861.75,69801.30,-0.0865,DOWN,1
2026-06-02T08:50:00+00:00,2026-06-02T08:54:59.999000+00:00,69801.31,69775.00,-0.0377,DOWN,1
2026-06-02T08:55:00+00:00,2026-06-02T08:59:59.999000+00:00,69775.01,69821.99,+0.0673,UP,1
2026-06-02T09:00:00+00:00,2026-06-02T09:04:59.999000+00:00,69822.00,69597.09,-0.3221,DOWN,1
2026-06-02T09:05:00+00:00,2026-06-02T09:09:59.999000+00:00,69597.10,69654.57,+0.0826,UP,1
2026-06-02T09:10:00+00:00,2026-06-02T09:14:59.999000+00:00,69654.58,69555.96,-0.1416,DOWN,1
2026-06-02T09:15:00+00:00,2026-06-02T09:19:59.999000+00:00,69555.97,69612.75,+0.0816,UP,1
2026-06-02T09:20:00+00:00,2026-06-02T09:24:59.999000+00:00,69612.74,69489.99,-0.1763,DOWN,1
2026-06-02T09:25:00+00:00,2026-06-02T09:29:59.999000+00:00,69489.99,69399.10,-0.1308,DOWN,1
2026-06-02T09:30:00+00:00,2026-06-02T09:34:59.999000+00:00,69399.10,69526.71,+0.1839,UP,1
2026-06-02T09:35:00+00:00,2026-06-02T09:39:59.999000+00:00,69526.70,69475.31,-0.0739,DOWN,1
2026-06-02T09:40:00+00:00,2026-06-02T09:44:59.999000+00:00,69475.31,69490.01,+0.0212,UP,1
2026-06-02T09:45:00+00:00,2026-06-02T09:49:59.999000+00:00,69490.01,69496.28,+0.0090,UP,1
2026-06-02T09:50:00+00:00,2026-06-02T09:54:59.999000+00:00,69496.28,69396.47,-0.1436,DOWN,1
2026-06-02T09:55:00+00:00,2026-06-02T09:59:59.999000+00:00,69396.47,69426.01,+0.0426,UP,1
2026-06-02T10:00:00+00:00,2026-06-02T10:04:59.999000+00:00,69426.01,69522.01,+0.1383,UP,1
2026-06-02T10:05:00+00:00,2026-06-02T10:09:59.999000+00:00,69522.01,69636.00,+0.1640,UP,1
2026-06-02T10:10:00+00:00,2026-06-02T10:14:59.999000+00:00,69636.00,69657.99,+0.0316,UP,1
2026-06-02T10:15:00+00:00,2026-06-02T10:19:59.999000+00:00,69658.00,69724.16,+0.0950,UP,1
2026-06-02T10:20:00+00:00,2026-06-02T10:24:59.999000+00:00,69724.15,69544.39,-0.2578,DOWN,1
2026-06-02T10:25:00+00:00,2026-06-02T10:29:59.999000+00:00,69544.40,69646.01,+0.1461,UP,1
2026-06-02T10:30:00+00:00,2026-06-02T10:34:59.999000+00:00,69646.00,69512.00,-0.1924,DOWN,1
2026-06-02T10:35:00+00:00,2026-06-02T10:39:59.999000+00:00,69512.00,69496.00,-0.0230,DOWN,1
2026-06-02T10:40:00+00:00,2026-06-02T10:44:59.999000+00:00,69495.99,69474.00,-0.0316,DOWN,1
2026-06-02T10:45:00+00:00,2026-06-02T10:49:59.999000+00:00,69474.00,69480.00,+0.0086,UP,1
2026-06-02T10:50:00+00:00,2026-06-02T10:54:59.999000+00:00,69480.00,69662.12,+0.2621,UP,1
2026-06-02T10:55:00+00:00,2026-06-02T10:59:59.999000+00:00,69662.11,69652.19,-0.0142,DOWN,1
2026-06-02T11:00:00+00:00,2026-06-02T11:04:59.999000+00:00,69652.18,69587.25,-0.0932,DOWN,1
2026-06-02T11:05:00+00:00,2026-06-02T11:09:59.999000+00:00,69587.26,69602.00,+0.0212,UP,1
2026-06-02T11:10:00+00:00,2026-06-02T11:14:59.999000+00:00,69602.00,69552.00,-0.0718,DOWN,1
2026-06-02T11:15:00+00:00,2026-06-02T11:19:59.999000+00:00,69551.99,69450.01,-0.1466,DOWN,1
2026-06-02T11:20:00+00:00,2026-06-02T11:24:59.999000+00:00,69450.01,69522.08,+0.1038,UP,1
2026-06-02T11:25:00+00:00,2026-06-02T11:29:59.999000+00:00,69522.09,69495.99,-0.0375,DOWN,1
2026-06-02T11:30:00+00:00,2026-06-02T11:34:59.999000+00:00,69495.99,69430.00,-0.0950,DOWN,1
2026-06-02T11:35:00+00:00,2026-06-02T11:39:59.999000+00:00,69429.99,69516.74,+0.1249,UP,1
2026-06-02T11:40:00+00:00,2026-06-02T11:44:59.999000+00:00,69516.73,69474.00,-0.0615,DOWN,1
2026-06-02T11:45:00+00:00,2026-06-02T11:49:59.999000+00:00,69474.00,69536.01,+0.0893,UP,1
2026-06-02T11:50:00+00:00,2026-06-02T11:54:59.999000+00:00,69536.00,69587.25,+0.0737,UP,1
2026-06-02T11:55:00+00:00,2026-06-02T11:59:59.999000+00:00,69587.26,69461.72,-0.1804,DOWN,1
2026-06-02T12:00:00+00:00,2026-06-02T12:04:59.999000+00:00,69461.73,69490.01,+0.0407,UP,1
2026-06-02T12:05:00+00:00,2026-06-02T12:09:59.999000+00:00,69490.00,69468.63,-0.0308,DOWN,1
2026-06-02T12:10:00+00:00,2026-06-02T12:14:59.999000+00:00,69468.63,69343.99,-0.1794,DOWN,1
2026-06-02T12:15:00+00:00,2026-06-02T12:19:59.999000+00:00,69344.00,69245.15,-0.1426,DOWN,1
2026-06-02T12:20:00+00:00,2026-06-02T12:24:59.999000+00:00,69245.14,69407.48,+0.2344,UP,1
2026-06-02T12:25:00+00:00,2026-06-02T12:29:59.999000+00:00,69407.49,69286.03,-0.1750,DOWN,1
2026-06-02T12:30:00+00:00,2026-06-02T12:34:59.999000+00:00,69286.03,69173.84,-0.1619,DOWN,1
2026-06-02T12:35:00+00:00,2026-06-02T12:39:59.999000+00:00,69173.84,69104.00,-0.1010,DOWN,1
2026-06-02T12:40:00+00:00,2026-06-02T12:44:59.999000+00:00,69104.00,69223.21,+0.1725,UP,1
